DC,Item_Code,Current_Inventory,Avg_Daily_Demand,Demand_StdDev,Lead_Time_Days,Lead_Time_StdDev
CD-TOL,PRO-1014,2862.0,395.0,268.5,2.0,0.5
cd-cdmx ,BOT-1006,3657.0,408.6,117.3,0.7,0.2
CD-VER,BEB-1011,4182.0,,63.7,5.0,0.9
CD-TOL,ABA-1007,8913.0,553.8,67.5,1.7,0.5
CD-CDMX,BEB-1000,6474.0,366.7,43.8,0.7,0.2
CD CDMX,BOT-1013,7599.0,454.2,93.4,1.1,0.2
CD-VER,BOT-1010,6848.0,784.3,122.2,3.1,0.9
CD-CHI,LAC-1006,1444.0,209.7,56.1,3.1,1.0
CD-VER,BOT-1012,16574.0,948.9,207.4,0.9,0.9
CD-PUE,ABA-1007,1422.0,289.9,31.2,0.5,0.3
CD-CHI,PRO-1001,8663.0,495.2,204.3,2.1,1.0
CD-TIJ,BOT-1016,580.0,800.5,236.1,3.4,1.5
CD-PUE,BOT-1001,4706.0,1097.7,258.7,0.9,0.3
CD-PUE,BOT-1010,1583.0,833.9,188.9,0.8,0.3
CD-QRO,BEB-1015,1077.0,325.9,33.0,1.2,0.4
CD-CAN,BOT-1003,9404.0,577.9,168.2,2.8,1.6
CD-MTY,BOT-1007,4575.0,403.7,105.7,1.0,0.3
CD-QRO,BOT-1003,1722.0,861.2,144.5,2.1,0.4
CD-HER,BOT-1022,4566.0,281.1,65.8,6.2,1.2
CD-TIJ,BEB-1007,968.0,367.9,51.3,6.3,1.5
CD-LEO,ABA-1009,6020.0,583.2,85.2,1.8,0.6
CD-TOL,BEB-1010,2037.0,356.5,50.9,2.6,0.5
CD-HER,PRO-1014,735.0,280.4,154.7,3.9,1.2
CD-PUE,LAC-1003,1408.0,188.5,54.1,1.2,0.3
CD-MTY,BOT-1019,5022.0,787.9,167.2,1.0,0.3
CD-CHI,ABA-1008,7498.0,483.5,42.4,1.0,1.0
CD-CAN,BEB-1002,5143.0,408.3,47.8,3.6,1.6
CD-PUE,LAC-1011,3572.0,210.0,64.9,1.6,0.3
CD-LEO,BEB-1004,3264.0,486.1,80.8,2.7,0.6
CD-LEO,BEB-1003,6366.0,428.7,71.9,0.8,0.6
cd-cdmx ,BOT-1015,4488.0,751.3,183.7,0.9,0.2
CD-MOR,PRO-1015,1096.0,364.1 ,172.5,2.2,0.5
CD-QRO,BOT-1005,3055.0,909.1,206.5,1.9,0.4
CD-CAN,BEB-1004,1168.0,343.4,43.3,5.7,1.6
CD-CDMX,BEB-1007,2143.0,308.1,35.7,1.3,0.2
CD-QRO,ABA-1004,1575.0,188.3,17.7,1.8,0.4
CD-SAL,LAC-1000,,334.9,99.2,1.7,0.5
CD-MTY,BOT-1003,9638.0,541.9,88.2,1.1,0.3
CD-CHI,LAC-1010,4103.0,485.8,198.2,2.5,1.0
CD-MOR,BEB-1002,2497.0,162.4,19.3,1.7,0.5
CD-CDMX,LAC-1008,2440.0,275.4,102.8,0.6,0.2
CD-QRO,BOT-1014,1048.0,360.1,85.6,1.7,0.4
CD-GDL,PRO-1000,3885.0,394.7,258.3,0.5,0.2
CD-QRO,LAC-1008,2600.0,152.7,51.4,1.7,0.4
CD-CHI,BOT-1010,5685.0,352.1,103.1,4.2,1.0
CD-MER,BOT-1016,2068.0,378.2,89.2,1.8,1.3
CD-SAL,BOT-1009,10536.0,627.0,160.4,2.0,0.5
CD-CAN,ABA-1006,6643.0,463.7,43.5,7.7,1.6
cd-mty,LAC-1000,3134.0,370.7,133.6,1.3,0.3
CD-VER,PRO-1011,850.0,632.0,425.7,4.2,0.9
CD-LEO,ABA-1011,1658.0,185.9,19.6,2.1,0.6
CD-PUE,ABA-1001,1340.0,531.6,62.3,0.9,0.3
CD-CAN,ABA-1007,3786.0,300.2,44.5,4.9,1.6
CD-TIJ,LAC-1006,1644.0,159.9,40.5,6.5,1.5
CD-QRO,LAC-1010,5387.0,315.9,131.3,1.7,0.4
CD-GDL,BEB-1021,,414.7,49.3,1.1,0.2
CD-MER,BEB-1020,3654.0,468.4,83.8,1.5,1.3
CD-MER,PRO-1000,2172.0,170.9,106.9,5.1,1.3
CD-HER,BEB-1009,2699.0,196.0,31.3,2.9,1.2
CD-CDMX,ABA-1001,1154.0,362.4,45.4,1.2,0.2
CD-QRO,BEB-1017,,349.7,68.7,1.1,0.4
CD-TIJ,ABA-1007,,336.6,38.2,5.9,1.5
CD-MER,LAC-1001,2390.0,265.8,95.0,6.3,1.3
CD-CAN,LAC-1010,1363.0,363.8,116.7,2.9,1.6
CD-LEO,BEB-1009,3354.0,379.3,69.3,1.8,0.6
CD-HER,BEB-1015,448.0,324.3,47.3,3.8,1.2
CD-TOL,PRO-1007,1903.0,,319.6,2.0,0.5
CD-MOR,LAC-1014,736.0,255.2,112.2,2.4,0.5
CD-HER,ABA-1006,343.0,257.9,22.5,3.7,1.2
CD-QRO,ABA-1011,2361.0,551.6 ,80.8,2.0,0.4
CD-CHI,ABA-1013,5718.0,483.7,60.3,3.9,1.0
CD-MOR,BEB-1016,2292.0,478.5,75.5,2.1,0.5
CD-TIJ,BEB-1016,,565.9,57.7,7.9,1.5
CD-MOR,PRO-1007,2826.0,271.9,163.1,2.9,0.5
CD-CHI,BEB-1011,4046.0,444.7,74.4,3.6,1.0
CD-HER,BOT-1010,351.0,359.9,62.9,5.4,1.2
cd-mty,BOT-1015,856.0,566.9,162.5,1.1,0.3
CD-QRO,PRO-1005,1158.0,105.1,66.6,2.1,0.4
CD-LEO,PRO-1008,1441.0,509.2,299.8,2.6,0.6
CD-CDMX,ABA-1015,999999.0,269.3,25.7,1.2,0.2
CD-CHI,ABA-1014,,203.6,18.4,3.1,1.0
CD-CHI,BOT-1020,3824.0,371.1,68.3,2.4,1.0
CD-CAN,LAC-1003,1484.0,,46.7,3.6,1.6
CD-QRO,LAC-1005,1801.0,156.3,56.3,1.9,0.4
CD-QRO,LAC-1009,1300.0,396.1 ,164.7,2.1,0.4
CD-MER,BOT-1006,5113.0,360.9,81.0,2.4,1.3
cd-mty,LAC-1014,1441.0,137.1,53.8,1.0,0.3
CD-MER,BOT-1019,5245.0,390.7,63.6,5.7,1.3
CD-LEO,BOT-1013,15116.0,913.7,146.9,1.1,0.6
CD-TOL,BEB-1008,2432.0,594.5,100.6,2.0,0.5
CD-CDMX,ABA-1011,2084.0,236.9,22.5,1.2,0.2
CD-VER,LAC-1015,2263.0,199.8,84.6,3.4,0.9
CD-MOR,BOT-1023,3238.0,268.6,58.8,2.5,0.5
CD-TIJ,LAC-1013,1712.0,393.6,143.9,4.1,1.5
cd-cdmx ,BOT-1010,1085.0,329.2,85.6,1.3,0.2
CD CDMX,BEB-1012,1946.0,266.0,34.2,1.4,0.2
CD-MTY,ABA-1017,6883.0,419.9,40.4,0.5,0.3
CD-CAN,LAC-1009,1166.0,206.7,85.8,5.7,1.6
CD-CHI,BOT-1015,3996.0,325.7,50.0,2.3,1.0
CD-PUE,PRO-1002,652.0,113.7,68.1,0.7,0.3
CD-CAN,ABA-1014,5270.0,347.2,35.6,5.4,1.6
CD-CHI,BOT-1008,2533.0,415.0,106.4,3.2,1.0
CD-SAL,ABA-1008,3084.0,390.6,37.1,2.0,0.5
CD-CHI,ABA-1019,3780.0,264.2,26.6,3.9,1.0
CD-MOR,PRO-1008,4015.0,436.6,293.4,1.6,0.5
CD-SAL,BEB-1010,6260.0,384.5,49.7,1.2,0.5
CD-SAL,BEB-1019,3651.0,315.9,59.2,2.3,0.5
CD-VER,BEB-1003,1461.0,374.1,59.0,2.5,0.9
CD-TIJ,PRO-1010,5035.0,400.4,257.1,7.2,1.5
CD-TOL,BOT-1016,8315.0,560.4 ,87.1,1.9,0.5
CD-CAN,BOT-1005,5248.0,323.9,75.3,3.1,1.6
cd-cdmx ,ABA-1010,1589.0,303.6,34.4,0.8,0.2
CD-MTY,BOT-1021,,687.0,149.5,1.1,0.3
cd-mty,PRO-1010,6970.0,831.4,363.7,1.8,0.3
CD-CAN,ABA-1011,1368.0,453.5,57.9,3.9,1.6
cd-mty,BOT-1001,2696.0,696.3,141.1,1.0,0.3
CD-QRO,PRO-1013,3357.0,686.2,392.3,2.2,0.4
CD-MOR,BEB-1015,4639.0,261.0,29.3,2.3,0.5
CD-TIJ,LAC-1014,3200.0,425.4,139.4,3.2,1.5
CD-LEO,BOT-1015,999999.0,824.6,185.9,1.1,0.6
CD-MOR,BEB-1003,1835.0,230.7,28.8,2.2,0.5
CD-CDMX,BOT-1019,4422.0,717.5,178.1,1.0,0.2
CD-LEO,LAC-1008,5639.0,459.5,163.7,2.3,0.6
CD-CDMX,BOT-1011,15892.0,1047.8,283.7,1.2,0.2
CD-VER,BEB-1001,3444.0,595.3,96.1,4.5,0.9
CD-HER,ABA-1015,3223.0,387.7,38.5,5.3,1.2
CD-MER,LAC-1010,3186.0,207.9,60.8,4.7,1.3
CD-PUE,BEB-1001,3654.0,679.3,112.7,1.0,0.3
CD-VER,PRO-1013,4283.0,349.5,237.2,4.7,0.9
CD-PUE,PRO-1000,2540.0,292.3,153.5,0.9,0.3
CD-TOL,ABA-1002,5250.0,316.8,33.9,1.7,0.5
CD-GDL,ABA-1005,9128.0,529.6,53.1,1.1,0.2
CD-GDL,BOT-1019,1239.0,779.6,199.8,1.0,0.2
CD-TIJ,BOT-1014,5726.0,698.1,144.2,4.9,1.5
CD-MER,ABA-1002,5541.0,370.2,34.5,8.2,1.3
CD-CAN,PRO-1000,1595.0,94.0,37.8,4.3,1.6
CD-CDMX,ABA-1017,2078.0,233.1,24.7,1.2,0.2
cd-cdmx ,BOT-1012,12184.0,882.5,158.9,1.3,0.2
CD-PUE,PRO-1001,5692.0,686.7,292.0,0.9,0.3
CD-PUE,BOT-1013,3101.0,374.9,101.3,0.7,0.3
CD-TIJ,BEB-1006,4512.0,406.2,60.5,5.4,1.5
CD-TIJ,BOT-1017,6484.0,835.6,131.4,6.6,1.5
CD CDMX,BOT-1020,5075.0,315.1 ,50.6,1.1,0.2
CD-PUE,ABA-1018,1395.0,355.5,43.5,1.4,0.3
CD-TOL,ABA-1011,2170.0,277.9,38.7,2.2,0.5
CD-TOL,BOT-1002,2986.0,785.7,160.6,2.2,0.5
CD-MTY,ABA-1008,3188.0,270.9,31.3,0.9,0.3
CD-HER,BOT-1003,5634.0,742.2,179.1,4.7,1.2
CD-HER,BOT-1001,3885.0,630.5,134.2,4.1,1.2
CD-HER,BEB-1018,3259.0,547.7,107.2,2.8,1.2
CD-SAL,BOT-1014,3623.0,301.6,69.6,1.7,0.5
CD-TOL,BOT-1019,625.0,762.3,200.6,2.8,0.5
CD-TIJ,ABA-1001,829.0,155.1,17.2,2.2,1.5
cd-cdmx ,BOT-1017,1635.0,695.8,150.7,1.0,0.2
CD-LEO,PRO-1011,8096.0,807.8,374.1,2.1,0.6
CD-HER,BOT-1002,10512.0,951.8,179.4,2.7,1.2
CD-HER,ABA-1018,3639.0,280.3,27.5,4.2,1.2
CD-CHI,BOT-1002,8919.0,661.2,159.5,3.7,1.0
CD-QRO,BOT-1007,6595.0,370.6,65.4,1.8,0.4
CD-MER,BEB-1007,695.0,252.7,32.5,3.7,1.3
CD-MOR,BOT-1019,7777.0,608.7,177.6,2.1,0.5
CD-MER,BOT-1001,3842.0,278.2,50.7,7.7,1.3
CD-PUE,PRO-1011,350.0,124.1,77.7,0.8,0.3
CD-QRO,BEB-1021,9794.0,571.6,96.0,2.1,0.4
CD-MTY,BOT-1023,5828.0,406.0,92.6,1.5,0.3
CD-MER,ABA-1007,1783.0,139.3,16.4,5.6,1.3
CD-MTY,ABA-1009,2769.0,285.6,25.9,0.9,0.3
CD-HER,ABA-1011,331.0,128.1,12.2,3.2,1.2
CD-MOR,ABA-1004,328.0,234.3,20.1,2.3,0.5
CD-HER,LAC-1005,983.0,315.8,122.3,4.2,1.2
CD-MTY,PRO-1015,6105.0,483.9,195.5,1.0,0.3
CD-MOR,BOT-1011,1896.0,768.1,189.8,1.5,0.5
CD-TOL,BOT-1012,744.0,371.6,67.1,1.3,0.5
CD-VER,BEB-1012,557.0,170.2,33.4,4.2,0.9
CD-CHI,BEB-1001,1695.0,414.2,73.5,2.9,1.0
CD-SAL,BOT-1007,11769.0,938.5,254.3,1.9,0.5
CD-CAN,BOT-1022,11266.0,683.1,203.2,3.3,1.6
CD-PUE,LAC-1013,1126.0,120.8,46.9,1.1,0.3
CD-CAN,BOT-1023,6821.0,483.1,139.3,5.7,1.6
CD-GDL,BOT-1006,14363.0,991.2,184.9,1.0,0.2
CD-TOL,ABA-1000,3116.0,240.8,32.8,1.8,0.5
CD-SAL,ABA-1010,6418.0,534.0,71.5,2.2,0.5
CD-HER,LAC-1004,1238.0,308.1,106.1,4.0,1.2
CD-PUE,BEB-1007,1018.0,233.8,27.3,0.8,0.3
CD-CDMX,LAC-1002,3535.0,253.0,97.5,1.0,0.2
CD-PUE,ABA-1000,1609.0,412.9,46.3,1.1,0.3
CD-SAL,BOT-1018,8734.0,632.9,177.9,1.2,0.5
CD-MOR,BOT-1000,11699.0,664.9,111.8,1.9,0.5
CD-CAN,ABA-1003,2200.0,242.0,34.0,5.2,1.6
CD-LEO,BOT-1023,1660.0,348.6,67.6,1.7,0.6
CD-MOR,ABA-1003,961.0,293.2,27.6,1.5,0.5
CD-SAL,PRO-1014,4153.0,420.5,258.5,2.2,0.5
CD-GDL,ABA-1000,470.0,222.8,24.2,0.7,0.2
CD-CHI,PRO-1008,7377.0,688.2,435.6,2.0,1.0
CD-MTY,BEB-1021,3996.0,284.7,47.6,1.3,0.3
CD-MER,ABA-1003,6172.0,456.2,40.1,5.2,1.3
CD-GDL,ABA-1009,3213.0,225.6,26.0,1.4,0.2
CD-MER,ABA-1015,6278.0,448.1,64.1,6.5,1.3
cd-cdmx ,BOT-1018,1774.0,481.4,76.3,1.2,0.2
CD-CAN,PRO-1007,1605.0,315.9,208.9,5.5,1.6
CD-TOL,BOT-1008,2931.0,334.8,83.5,1.2,0.5
CD-CHI,ABA-1011,4175.0,592.6,80.1,0.7,1.0
CD-MTY,BEB-1018,4890.0,299.5,45.1,0.8,0.3
CD-CDMX,PRO-1001,767.0,106.2,74.3,1.1,0.2
CD-CAN,LAC-1008,3039.0,354.7,124.0,5.6,1.6
CD-HER,PRO-1011,1660.0,527.5,264.9,3.5,1.2
CD-TOL,LAC-1001,1566.0,231.6,60.7,2.5,0.5
CD-LEO,BOT-1012,6324.0,987.7,151.0,2.7,0.6
CD-MOR,PRO-1006,6261.0,474.6,304.9,2.3,0.5
CD-MTY,LAC-1008,514.0,150.5,42.7,0.8,0.3
CD-CHI,BEB-1016,7707.0,557.9,104.4,3.3,1.0
CD-GDL,BEB-1009,4193.0,548.9,66.2,1.3,0.2
CD-MTY,BOT-1022,7174.0,928.0,171.0,1.3,0.3
CD-PUE,BOT-1011,767.0,,167.5,1.0,0.3
CD-CAN,BOT-1012,3419.0,255.3,64.4,7.8,1.6
CD-MER,BEB-1002,4146.0,308.6,35.4,5.5,1.3
CD-CHI,PRO-1000,6350.0,441.2,203.7,3.3,1.0
CD-LEO,BOT-1019,5817.0,714.9,207.0,1.8,0.6
CD-CAN,ABA-1012,465.0,392.2,46.2,4.0,1.6
CD-CDMX,BOT-1007,6116.0,517.8,123.5,0.9,0.2
CD-LEO,LAC-1010,2945.0,342.0,99.1,1.6,0.6
CD-MOR,BEB-1007,1666.0,246.7,44.1,1.9,0.5
CD-MTY,BOT-1016,15661.0,987.7,239.0,1.2,0.3
CD-SAL,BEB-1003,4488.0,495.9,75.6,1.4,0.5
CD-TIJ,ABA-1003,7145.0,398.8,58.5,5.6,1.5
CD-QRO,LAC-1002,5800.0,335.8 ,127.5,2.1,0.4
CD-MOR,BEB-1021,4679.0,370.9,60.1,1.5,0.5
CD-LEO,LAC-1014,472.0,141.7 ,62.3,1.5,0.6
CD-PUE,ABA-1004,5135.0,475.0,60.0,0.9,0.3
CD-MER,ABA-1004,4489.0,420.5,60.7,3.9,1.3
CD-TIJ,PRO-1003,9230.0,704.7,352.1,6.1,1.5
CD-CAN,BOT-1004,1731.0,637.6,158.2,7.5,1.6
CD-LEO,BOT-1014,3182.0,,150.1,1.5,0.6
CD-TOL,PRO-1000,7745.0,625.9,433.5,1.1,0.5
CD-TOL,BEB-1016,7278.0,,51.7,2.5,0.5
CD-TOL,ABA-1018,2788.0,180.8,14.5,2.4,0.5
CD-VER,BEB-1013,2395.0,596.1,93.9,1.5,0.9
CD-PUE,LAC-1012,3858.0,510.4,154.1,1.0,0.3
CD-TOL,ABA-1010,4594.0,306.5,44.0,2.8,0.5
CD-CHI,PRO-1009,4043.0,872.1,360.1,3.5,1.0
CD-CHI,PRO-1012,4103.0,289.4,175.6,3.3,1.0
CD-QRO,PRO-1004,2685.0,193.5,109.5,1.4,0.4
CD-SAL,BOT-1015,2126.0,889.4,164.5,2.5,0.5
CD-CDMX,PRO-1003,1150.0,104.0,66.1,0.9,0.2
CD-MTY,ABA-1001,1928.0,247.0,24.7,1.3,0.3
CD-LEO,LAC-1001,583.0,221.5,82.6,1.9,0.6
CD-TOL,BOT-1009,7803.0,630.3,172.1,2.9,0.5
cd-cdmx ,ABA-1002,2700.0,354.9,39.2,0.8,0.2
CD-MOR,BOT-1016,1545.0,487.6,120.8,1.8,0.5
CD-PUE,BOT-1000,2343.0,356.6,65.2,1.1,0.3
CD-HER,BOT-1014,10813.0,736.3,196.1,1.8,1.2
CD-TOL,BOT-1020,6076.0,807.0,224.9,2.1,0.5
CD-CDMX,BEB-1016,3046.0,,27.1,1.3,0.2
cd-cdmx ,ABA-1006,4594.0,,60.2,1.2,0.2
CD-CAN,BOT-1020,2679.0,282.2,79.5,3.8,1.6
CD-MER,PRO-1007,5494.0,341.3,143.9,5.1,1.3
CD-LEO,BEB-1015,2170.0,194.5,35.7,2.3,0.6
CD-CDMX,ABA-1018,1775.0,162.6,13.4,0.9,0.2
CD-CDMX,BEB-1005,5400.0,535.9,56.4,0.8,0.2
CD-LEO,BEB-1005,3364.0,491.6,67.8,1.7,0.6
CD-VER,BEB-1009,233.0,437.3,57.6,4.9,0.9
CD-MER,ABA-1000,2358.0,177.8,21.6,4.9,1.3
CD-TOL,LAC-1000,1856.0,254.9 ,108.4,2.0,0.5
CD-MTY,ABA-1007,,315.0,42.2,1.1,0.3
CD-HER,LAC-1010,1435.0,177.5,60.7,4.2,1.2
CD-GDL,BOT-1007,1076.0,,192.4,1.0,0.2
CD-QRO,BOT-1002,6094.0,722.8,145.6,1.7,0.4
CD-GDL,BEB-1007,2281.0,151.0,23.7,0.9,0.2
CD-PUE,ABA-1012,7675.0,494.7,44.6,1.0,0.3
CD-CAN,LAC-1015,2283.0,210.9,73.0,6.0,1.6
CD-GDL,ABA-1008,4543.0,455.1,57.6,0.6,0.2
CD-CDMX,BEB-1015,4764.0,269.4 ,38.6,0.9,0.2
CD-TOL,ABA-1003,208.0,180.2,16.0,1.9,0.5
CD-LEO,BEB-1016,3432.0,523.0,67.0,1.8,0.6
CD-VER,BOT-1005,10179.0,722.0,143.6,2.8,0.9
CD-MER,LAC-1007,3615.0,281.2,93.0,3.1,1.3
CD-LEO,LAC-1009,1448.0,185.8,77.8,1.9,0.6
CD-SAL,BOT-1002,2487.0,881.2,229.0,2.3,0.5
CD-CHI,BOT-1001,2391.0,285.3,59.1,4.1,1.0
CD-QRO,PRO-1010,1713.0,201.2,86.0,2.3,0.4
CD-MER,PRO-1008,3495.0,,182.6,2.9,1.3
CD-MER,PRO-1001,333.0,419.2,172.5,5.3,1.3
CD-SAL,BOT-1006,5211.0,488.4,99.7,1.3,0.5
CD-CDMX,BEB-1004,9305.0,617.3,88.7,1.2,0.2
CD-PUE,BEB-1017,7619.0,494.4,73.3,0.9,0.3
CD-LEO,ABA-1010,4611.0,463.0,41.3,1.7,0.6
CD-PUE,BOT-1021,,484.6,97.7,0.6,0.3
CD-LEO,LAC-1007,4653.0,362.5,129.8,1.2,0.6
CD-VER,PRO-1001,5866.0,628.5,373.3,3.3,0.9
CD-PUE,BOT-1009,2662.0,261.8,52.6,0.9,0.3
CD-TOL,BEB-1015,6418.0,641.3,85.4,2.2,0.5
CD-CAN,LAC-1011,4624.0,294.9,89.7,6.1,1.6
CD-LEO,ABA-1012,3446.0,282.5,32.6,2.2,0.6
CD-SAL,BOT-1008,15402.0,865.2,162.2,1.2,0.5
CD-TOL,LAC-1011,811.0,190.6,83.8,2.2,0.5
CD-GDL,LAC-1003,1318.0,145.2,57.2,1.5,0.2
CD-TOL,ABA-1009,2604.0,285.7,42.1,1.6,0.5
CD-VER,LAC-1002,1577.0,352.7,92.1,2.3,0.9
CD-SAL,ABA-1000,3709.0,310.8,26.3,1.1,0.5
CD-HER,PRO-1007,4919.0,333.0,177.8,3.1,1.2
CD-HER,BEB-1000,1754.0,400.4,62.2,2.3,1.2
CD-VER,LAC-1010,1653.0,349.8,123.5,4.2,0.9
CD-PUE,ABA-1015,2934.0,166.2,13.4,0.5,0.3
CD-CAN,BOT-1011,2189.0,785.1,181.1,7.1,1.6
CD-TIJ,BOT-1008,5185.0,502.3,137.3,5.4,1.5
CD-SAL,LAC-1003,1589.0,284.3,117.5,1.4,0.5
CD-PUE,BOT-1018,4754.0,738.3,145.9,1.1,0.3
CD-CAN,BEB-1012,1704.0,459.1,56.6,3.9,1.6
CD-SAL,ABA-1018,3224.0,423.7,50.5,1.6,0.5
CD-TIJ,BEB-1001,3490.0,527.7,104.7,5.3,1.5
CD-MOR,ABA-1014,5365.0,477.7,50.5,1.5,0.5
CD-MER,BOT-1004,5106.0,812.5 ,206.4,7.7,1.3
CD-SAL,ABA-1005,1457.0,228.7,28.8,2.5,0.5
CD-GDL,BOT-1015,2526.0,701.3,136.7,1.1,0.2
CD-MOR,BOT-1004,9169.0,826.0,218.3,1.5,0.5
CD-GDL,BEB-1015,6619.0,468.0,53.6,0.9,0.2
CD-GDL,BOT-1009,5549.0,334.4,63.6,1.0,0.2
CD-TIJ,BOT-1004,,983.5,207.3,4.6,1.5
CD-VER,BOT-1017,3153.0,559.2,123.4,2.5,0.9
CD-CHI,ABA-1018,417.0,178.9,22.6,2.2,1.0
CD-PUE,BOT-1015,1844.0,799.5,127.9,0.7,0.3
CD-MTY,BOT-1014,7292.0,485.5,143.8,0.5,0.3
CD-PUE,ABA-1010,3422.0,405.0 ,57.5,1.4,0.3
CD-PUE,BOT-1019,8066.0,599.4,90.8,1.2,0.3
CD-MOR,LAC-1004,1843.0,221.1,77.9,2.5,0.5
CD-MTY,ABA-1011,3844.0,447.6,50.6,1.2,0.3
CD-HER,LAC-1014,1235.0,324.9,135.1,4.8,1.2
CD-HER,ABA-1010,2805.0,273.3,33.5,2.9,1.2
CD-CHI,BEB-1018,2375.0,605.5,108.9,4.3,1.0
CD-TIJ,ABA-1005,1100.0,218.3,32.5,2.6,1.5
CD-CDMX,LAC-1004,1042.0,227.5,67.3,1.0,0.2
CD-PUE,BEB-1005,1211.0,702.4,130.1,0.9,0.3
CD-VER,LAC-1013,467.0,217.9,65.8,2.5,0.9
CD-CDMX,PRO-1015,3358.0,200.6,96.9,1.6,0.2
CD-GDL,ABA-1017,1085.0,269.1,32.7,0.8,0.2
CD-TIJ,BOT-1020,15440.0,960.1,174.5,4.4,1.5
CD-TIJ,LAC-1010,3842.0,221.8,88.6,4.0,1.5
CD-MER,BOT-1012,3240.0,449.6,134.0,6.4,1.3
CD-CAN,PRO-1013,13483.0,763.7,516.6,6.1,1.6
CD-VER,ABA-1000,3755.0,360.5,53.2,1.3,0.9
CD-GDL,BOT-1004,5624.0,314.8,89.3,1.2,0.2
CD-CDMX,BEB-1008,4636.0,386.4,64.6,0.9,0.2
CD-HER,ABA-1019,1592.0,201.5,22.6,3.3,1.2
CD-MER,BEB-1017,4261.0,241.4,28.0,5.0,1.3
CD-QRO,PRO-1003,3599.0,321.1,185.6,1.5,0.4
CD-MTY,PRO-1008,5719.0,415.0,237.7,0.6,0.3
CD-HER,BOT-1015,5824.0,698.8,188.5,4.2,1.2
CD-HER,BEB-1010,11002.0,755.1,124.0,6.2,1.2
CD-QRO,PRO-1007,2667.0,306.4,146.6,2.3,0.4
CD-SAL,PRO-1004,6991.0,510.1,273.3,2.2,0.5
CD-MTY,PRO-1006,3221.0,201.9,111.4,0.9,0.3
CD-MTY,PRO-1000,3364.0,481.5,321.7,0.9,0.3
CD-CDMX,LAC-1001,,169.1,61.0,1.0,0.2
CD-PUE,BEB-1002,9966.0,671.5,80.4,0.7,0.3
CD-TIJ,PRO-1004,4008.0,614.9,273.9,5.2,1.5
CD-GDL,BOT-1020,3913.0,370.7,91.0,1.0,0.2
CD Monterrey,BOT-1020,6964.0,406.9,110.7,1.5,0.3
CD-TIJ,ABA-1014,2716.0,352.2,50.8,5.2,1.5
CD-MOR,ABA-1019,1933.0,283.2,31.7,0.8,0.5
CD-MOR,ABA-1000,2178.0,267.7,25.1,2.3,0.5
CD-QRO,BEB-1020,4765.0,290.5,37.6,2.8,0.4
CD-CDMX,PRO-1011,,564.5,272.4,0.7,0.2
CD-LEO,BOT-1010,2570.0,280.0,80.2,1.8,0.6
CD-PUE,BOT-1020,2535.0,777.0,231.9,0.7,0.3
CD-QRO,PRO-1014,2441.0,214.0,101.4,2.2,0.4
CD-GDL,PRO-1006,1478.0,279.1,132.0,1.3,0.2
CD-MTY,BEB-1016,9542.0,564.9,77.5,0.8,0.3
CD-MER,BEB-1008,9465.0,569.2,66.2,4.5,1.3
CD-MTY,ABA-1015,6386.0,398.3,41.9,0.9,0.3
CD-MTY,BEB-1003,2998.0,223.2,34.6,1.5,0.3
CD-TIJ,BEB-1003,6626.0,432.0,76.1,1.9,1.5
CD-PUE,PRO-1015,71.0,113.0,68.8,0.7,0.3
CD-TOL,BOT-1006,,476.8,96.1,0.6,0.5
CD-CHI,BOT-1000,6351.0,657.0,136.0,3.1,1.0
CD-LEO,ABA-1003,1104.0,248.9,26.6,2.8,0.6
CD-MOR,BEB-1020,839.0,366.9,53.7,1.7,0.5
CD-VER,PRO-1003,4906.0,333.3,202.5,2.3,0.9
CD-CHI,BOT-1022,11478.0,903.0,207.6,1.8,1.0
CD-VER,BEB-1020,7478.0,450.2,84.9,3.1,0.9
CD-TIJ,PRO-1014,3802.0,405.1,262.6,6.6,1.5
CD-TIJ,BOT-1003,3086.0,475.2,87.8,5.1,1.5
CD-MTY,BEB-1009,2244.0,487.1,80.8,0.9,0.3
CD-CAN,BOT-1006,3638.0,433.0,78.6,2.4,1.6
CD-GDL,ABA-1003,8676.0,505.8,54.6,1.2,0.2
CD-MER,PRO-1011,4003.0,508.8,208.6,3.4,1.3
CD-TOL,ABA-1001,606.0,209.6,21.4,2.4,0.5
CD-TIJ,LAC-1007,1595.0,234.8,58.8,3.9,1.5
CD-CHI,ABA-1002,5334.0,445.2,61.0,1.5,1.0
CD-CAN,ABA-1000,5234.0,460.7,63.7,6.0,1.6
CD Monterrey,ABA-1006,4115.0,377.3,34.7,1.2,0.3
CD-MTY,LAC-1005,999999.0,370.6,129.2,1.2,0.3
CD-MOR,BOT-1017,7985.0,597.9,143.2,2.6,0.5
CD-VER,LAC-1012,2018.0,347.3,126.9,4.0,0.9
CD-TIJ,LAC-1005,1988.0,133.3,53.9,7.3,1.5
CD-QRO,LAC-1000,249.0,217.4,97.7,1.2,0.4
CD-MER,LAC-1002,1495.0,,103.8,2.2,1.3
CD-VER,LAC-1004,1729.0,155.3,68.8,2.9,0.9
CD-QRO,BEB-1014,6616.0,392.4,68.0,1.9,0.4
CD-TOL,BEB-1011,4534.0,,37.4,2.4,0.5
CD-CHI,BOT-1005,3494.0,505.2,97.4,3.6,1.0
CD-TIJ,LAC-1008,4121.0,441.8,185.3,6.0,1.5
CD-MOR,BOT-1012,3436.0,674.7,156.4,1.7,0.5
CD-CAN,BEB-1010,2327.0,422.5,43.3,7.1,1.6
CD-QRO,PRO-1000,4915.0,456.1,277.1,1.9,0.4
CD-MER,BOT-1020,3668.0,465.4,97.1,2.8,1.3
CD-MER,PRO-1015,4889.0,326.8,130.8,3.8,1.3
CD-CAN,BEB-1009,3837.0,390.5,75.9,6.9,1.6
CD-TOL,LAC-1016,2533.0,206.2,59.7,1.6,0.5
CD-GDL,BOT-1018,6850.0,688.6,110.5,1.1,0.2
CD-TOL,BEB-1007,4401.0,642.2,124.2,1.2,0.5
CD-MER,BEB-1013,5217.0,326.1,46.6,2.6,1.3
CD-HER,BEB-1021,3780.0,440.8,67.5,4.0,1.2
CD-TIJ,BOT-1005,5505.0,472.3,140.2,6.0,1.5
CD-MER,BEB-1018,2322.0,261.4,35.7,2.8,1.3
CD-MOR,BOT-1020,3756.0,332.0,61.8,0.8,0.5
CD-GDL,ABA-1011,931.0,,34.2,1.0,0.2
CD-CDMX,LAC-1016,1971.0,399.4,126.5,1.0,0.2
CD-LEO,BEB-1011,5724.0,519.9,60.4,2.8,0.6
CD-GDL,BOT-1014,19378.0,1098.6,247.7,0.9,0.2
CD-TOL,BEB-1004,,425.8,80.0,1.9,0.5
CD-GDL,ABA-1018,2547.0,252.3,32.6,0.9,0.2
CD-CHI,BEB-1015,736.0,265.6,53.1,4.6,1.0
CD-GDL,PRO-1012,1943.0,285.8,118.8,1.0,0.2
CD-CHI,PRO-1002,7085.0,507.2,352.0,4.5,1.0
CD-SAL,LAC-1007,2226.0,224.1,88.4,2.1,0.5
CD-SAL,BOT-1020,5167.0,401.4,62.7,1.0,0.5
CD-QRO,BEB-1010,6609.0,567.3,75.1,2.4,0.4
CD-LEO,LAC-1000,912.0,328.8,122.7,2.4,0.6
CD-HER,BEB-1019,6763.0,478.0,60.8,2.9,1.2
CD-QRO,PRO-1002,4614.0,473.7,208.4,2.5,0.4
CD-GDL,LAC-1001,4012.0,253.6,106.6,1.2,0.2
CD-CAN,BEB-1021,2307.0,175.2 ,22.8,5.6,1.6
CD-LEO,LAC-1013,3385.0,355.2,119.3,2.0,0.6
CD-MER,BEB-1001,1967.0,415.7,60.5,3.0,1.3
CD-CDMX,LAC-1015,5676.0,374.9,156.4,1.2,0.2
CD-CHI,BOT-1009,9389.0,869.1,235.4,2.1,1.0
CD CDMX,BOT-1001,11344.0,662.8,114.8,0.7,0.2
CD-QRO,ABA-1012,3070.0,,26.7,1.6,0.4
CD-TOL,LAC-1015,3045.0,202.6,74.8,1.4,0.5
CD-GDL,ABA-1012,4556.0,324.2,44.2,0.5,0.2
CD-MTY,BEB-1014,4107.0,276.5,45.0,1.1,0.3
CD-GDL,BEB-1005,3576.0,316.0,55.5,1.2,0.2
CD-VER,ABA-1012,4648.0,355.0,29.9,1.5,0.9
CD-CHI,BOT-1012,6377.0,996.9,202.4,3.7,1.0
CD-TIJ,ABA-1002,1388.0,236.4,35.1,5.7,1.5
CD-TOL,ABA-1016,4541.0,277.5,41.0,1.6,0.5
CD-CHI,BEB-1009,4884.0,385.5,57.4,3.5,1.0
CD-MOR,BOT-1010,,524.6,131.5,1.5,0.5
CD-CAN,ABA-1004,5364.0,472.4,55.4,4.6,1.6
CD-MOR,PRO-1013,5966.0,427.9,215.7,1.8,0.5
CD-SAL,BOT-1001,6177.0,642.4,150.9,1.6,0.5
CD-TOL,PRO-1009,3245.0,185.3,108.4,2.6,0.5
CD-LEO,BOT-1004,1822.0,445.1,118.4,1.9,0.6
CD-MER,BEB-1016,1181.0,363.7,70.9,4.6,1.3
CD-CDMX,BEB-1018,4886.0,279.3,35.4,1.2,0.2
CD-QRO,BOT-1012,6474.0,545.3,83.9,1.8,0.4
CD-MOR,BEB-1012,2007.0,263.7 ,39.5,1.9,0.5
CD-MTY,ABA-1004,3699.0,208.8,19.2,0.5,0.3
CD-TOL,BEB-1000,4071.0,271.6,33.0,1.6,0.5
CD-SAL,PRO-1015,3107.0,303.6,162.0,1.9,0.5
CD-TOL,LAC-1005,2629.0,155.1,62.6,2.1,0.5
CD-CAN,BOT-1017,2855.0,671.2 ,139.1,4.4,1.6
CD-CHI,BEB-1013,9643.0,570.8,58.8,5.0,1.0
CD-PUE,ABA-1005,4372.0,370.9,50.8,0.8,0.3
CD-VER,BEB-1019,274.0,,39.3,2.7,0.9
CD-GDL,PRO-1011,5233.0,293.6,175.5,1.0,0.2
CD-SAL,BOT-1004,2429.0,271.2,70.3,3.0,0.5
CD-MER,LAC-1014,3088.0,261.7,94.8,2.9,1.3
CD-SAL,PRO-1012,4732.0,412.3,225.1,1.2,0.5
CD-HER,ABA-1012,1297.0,193.8,26.4,4.6,1.2
CD-VER,BOT-1001,9439.0,559.5,148.2,2.8,0.9
CD-VER,LAC-1011,3496.0,241.0,81.1,2.5,0.9
CD-PUE,PRO-1008,2880.0,326.7,167.4,0.8,0.3
CD-TOL,BEB-1021,3051.0,283.0,52.0,2.9,0.5
CD-MOR,BOT-1005,7270.0,787.2,232.2,2.3,0.5
CD-CDMX,PRO-1006,5355.0,650.9,373.8,1.4,0.2
CD-LEO,LAC-1006,337.0,159.9,68.2,0.5,0.6
CD-SAL,BEB-1009,4956.0,593.2,108.6,1.9,0.5
CD-TIJ,BOT-1011,1101.0,534.2 ,147.4,5.0,1.5
CD-MOR,LAC-1001,2698.0,418.6,187.6,2.1,0.5
CD-PUE,PRO-1005,332.0,415.8,169.9,1.0,0.3
CD-CHI,ABA-1009,1510.0,209.9,19.0,5.1,1.0
CD-GDL,BEB-1011,7976.0,550.0,89.0,1.1,0.2
CD-HER,ABA-1009,1421.0,194.7,28.8,1.4,1.2
CD-SAL,LAC-1009,3990.0,361.1,139.2,1.6,0.5
CD-CAN,ABA-1009,388.0,293.9,25.9,4.2,1.6
CD-CAN,BEB-1003,2580.0,293.0,33.1,6.7,1.6
CD-HER,BEB-1001,3118.0,395.1,78.9,2.7,1.2
CD-TIJ,ABA-1016,863.0,329.4,30.8,2.7,1.5
CD-SAL,BOT-1023,9304.0,750.7,218.8,1.7,0.5
CD-CHI,ABA-1006,867.0,159.3,21.2,3.1,1.0
CD-PUE,PRO-1014,,163.2,83.0,1.5,0.3
CD-TIJ,BEB-1012,999999.0,258.3,45.5,5.4,1.5
CD-GDL,BEB-1014,3423.0,345.5,59.2,0.9,0.2
CD-MTY,PRO-1001,3175.0,285.6,117.1,1.1,0.3
CD-MOR,BOT-1003,2132.0,416.6,115.2,2.6,0.5
CD-TOL,BEB-1013,2134.0,301.9 ,37.7,1.4,0.5
CD-MOR,LAC-1009,2542.0,242.8,66.8,2.0,0.5
CD-PUE,BEB-1011,4220.0,432.8,46.9,1.1,0.3
CD-CHI,PRO-1007,5194.0,,347.4,3.3,1.0
CD-SAL,BEB-1002,1073.0,351.8,42.4,3.3,0.5
CD-MER,BEB-1011,1070.0,327.7,59.2,3.5,1.3
CD-VER,PRO-1000,,190.8,122.6,2.6,0.9
CD-HER,LAC-1011,907.0,,113.6,5.3,1.2
CD-SAL,ABA-1016,1800.0,489.3,65.9,2.0,0.5
CD-MER,PRO-1002,7416.0,566.8,287.5,5.1,1.3
CD-TIJ,BOT-1000,6908.0,402.5,81.4,5.2,1.5
CD-MTY,BEB-1019,869.0,251.3,47.9,1.3,0.3
CD-GDL,ABA-1019,9565.0,556.0,64.5,1.1,0.2
CD-VER,ABA-1002,1300.0,,19.1,2.9,0.9
CD-SAL,ABA-1019,587.0,142.4,15.3,2.0,0.5
CD Monterrey,ABA-1002,2336.0,403.1,42.3,1.0,0.3
CD-QRO,BOT-1001,3341.0,465.6,120.7,1.5,0.4
CD-MOR,BEB-1013,4732.0,601.7,69.4,1.5,0.5
CD-HER,LAC-1016,1025.0,150.8,46.8,2.1,1.2
CD-SAL,PRO-1009,968.0,103.0,49.2,2.3,0.5
CD-LEO,BEB-1012,6404.0,405.6,50.2,2.1,0.6
CD-MER,LAC-1004,1790.0,243.7,101.7,5.5,1.3
CD-MOR,PRO-1003,1859.0,720.2,341.6,2.0,0.5
CD-CDMX,BEB-1003,552.0,,46.5,0.9,0.2
CD-VER,PRO-1010,2383.0,588.0,382.7,4.2,0.9
CD-TOL,BOT-1015,6595.0,552.3,113.9,2.4,0.5
CD-MOR,PRO-1009,10631.0,651.6,357.3,2.1,0.5
CD-PUE,BEB-1016,3273.0,333.0,61.3,0.6,0.3
CD-MTY,BEB-1013,2500.0,384.1,69.7,1.1,0.3
CD-HER,BOT-1011,8264.0,518.8,146.3,3.1,1.2
CD-CAN,BOT-1002,702.0,328.8,64.9,3.0,1.6
CD-TIJ,LAC-1017,184.0,261.1,91.4,4.8,1.5
CD-HER,BEB-1013,2586.0,251.4,32.0,2.6,1.2
CD-MER,LAC-1005,2917.0,285.9,121.3,6.0,1.3
CD-QRO,BOT-1015,2192.0,381.9,88.5,2.0,0.4
CD-MTY,LAC-1009,1423.0,181.8,53.0,0.8,0.3
CD-VER,ABA-1001,977.0,345.7,45.5,2.5,0.9
CD-CHI,PRO-1006,10686.0,687.5,334.0,3.3,1.0
CD-CDMX,ABA-1012,3838.0,472.5,44.0,1.0,0.2
CD-VER,BOT-1021,865.0,399.0,106.7,2.0,0.9
CD-TOL,BEB-1009,2830.0,533.2,84.0,2.2,0.5
CD-VER,PRO-1012,327.0,113.7,73.7,2.7,0.9
CD-GDL,LAC-1011,2090.0,174.7,47.1,1.1,0.2
CD-HER,BOT-1000,6910.0,630.4,96.6,4.3,1.2
CD-PUE,PRO-1004,767.0,291.7,197.8,0.8,0.3
CD-PUE,LAC-1002,4315.0,330.5,109.2,0.9,0.3
CD-CDMX,BEB-1009,1128.0,514.3,98.0,1.2,0.2
CD-CAN,BEB-1005,,402.3,66.8,3.0,1.6
cd-mty,BOT-1017,3505.0,234.2 ,48.4,1.0,0.3
CD-CHI,BEB-1004,2049.0,213.6,22.1,3.8,1.0
CD-CAN,BEB-1000,827.0,253.9,48.6,6.0,1.6
CD-MOR,BOT-1021,6273.0,410.5,92.6,1.2,0.5
CD-GDL,LAC-1009,1439.0,242.7,83.2,0.9,0.2
CD-PUE,ABA-1013,1774.0,294.9,42.5,1.4,0.3
cd-cdmx ,LAC-1010,1093.0,284.2,120.5,1.1,0.2
CD-MER,BOT-1023,1163.0,363.2,89.3,4.3,1.3
CD-TIJ,PRO-1006,651.0,95.0,52.9,3.9,1.5
CD-QRO,BEB-1008,,363.2,66.0,2.3,0.4
CD-VER,BEB-1002,445.0,376.7,40.5,2.4,0.9
CD-MER,BOT-1008,5601.0,702.7,162.4,3.9,1.3
CD-TIJ,LAC-1016,4628.0,267.1,74.6,3.4,1.5
CD-MTY,PRO-1003,3299.0,269.2,165.8,0.9,0.3
cd-cdmx ,PRO-1013,6986.0,483.0,196.0,1.4,0.2
CD-SAL,ABA-1012,3821.0,430.1,37.9,2.2,0.5
CD-SAL,LAC-1001,6116.0,349.4,91.4,1.7,0.5
CD-SAL,LAC-1002,7372.0,521.7,234.2,1.8,0.5
CD-QRO,BEB-1013,2474.0,211.6,23.9,1.5,0.4
CD-HER,ABA-1005,362.0,403.8,49.0,4.3,1.2
CD-GDL,ABA-1015,2403.0,312.2,38.6,0.9,0.2
CD-MER,ABA-1014,5875.0,473.5,43.1,4.2,1.3
CD-TOL,LAC-1003,700.0,138.9,60.0,2.1,0.5
CD-SAL,BEB-1016,1952.0,307.1,60.9,1.4,0.5
CD-HER,LAC-1000,6140.0,405.4,158.9,3.6,1.2
CD-GDL,PRO-1008,5033.0,314.8,145.3,0.9,0.2
CD-LEO,ABA-1004,5265.0,342.4,41.4,1.2,0.6
CD-QRO,BEB-1011,3171.0,494.4,70.7,2.7,0.4
CD-PUE,LAC-1017,5003.0,335.0,109.3,0.7,0.3
CD-CHI,LAC-1017,6719.0,375.0,98.1,3.4,1.0
CD-HER,LAC-1012,7711.0,465.3,142.4,3.5,1.2
CD-TIJ,PRO-1001,5787.0,369.1,184.4,0.5,1.5
CD-LEO,PRO-1006,6496.0,428.4,295.0,1.8,0.6
CD-GDL,PRO-1001,5347.0,729.2,380.0,0.8,0.2
CD-MER,PRO-1014,5372.0,503.1,215.7,4.9,1.3
CD-VER,BEB-1010,1322.0,,42.2,3.8,0.9
CD-CAN,BEB-1001,2403.0,352.5,61.2,3.2,1.6
CD-LEO,PRO-1013,4937.0,422.7,232.7,2.4,0.6
CD-TIJ,BEB-1018,1008.0,452.5,54.8,4.2,1.5
CD-VER,BEB-1017,861.0,325.6,52.6,2.5,0.9
CD-QRO,BOT-1016,4912.0,813.8,127.1,2.8,0.4
CD-CAN,ABA-1018,1769.0,261.1,35.8,4.9,1.6
CD-PUE,LAC-1009,5591.0,316.1,86.5,1.2,0.3
CD-CAN,BEB-1016,4985.0,317.4,44.8,4.4,1.6
CD-TOL,BOT-1004,6327.0,763.3,145.5,2.5,0.5
CD-QRO,BEB-1001,4683.0,307.8,51.5,2.2,0.4
CD-MER,LAC-1011,2501.0,145.9,52.7,6.6,1.3
CD-GDL,BEB-1016,2250.0,499.1,57.2,0.8,0.2
CD-PUE,PRO-1007,9377.0,702.4,339.0,0.8,0.3
CD-CDMX,PRO-1005,7742.0,645.5,367.3,1.1,0.2
CD-MER,ABA-1009,399.0,281.6,26.7,5.0,1.3
CD-CDMX,ABA-1009,4565.0,405.4,57.7,1.0,0.2
CD-PUE,ABA-1002,3450.0,313.8,28.6,1.0,0.3
CD-LEO,BEB-1010,1843.0,330.5,44.2,1.9,0.6
CD-HER,ABA-1014,2598.0,196.3,22.7,4.0,1.2
CD-CAN,LAC-1014,1267.0,151.6,67.0,6.6,1.6
CD-SAL,ABA-1002,4680.0,326.7 ,43.5,1.9,0.5
CD-MOR,BOT-1002,6493.0,521.8,105.7,3.1,0.5
CD-VER,LAC-1014,415.0,346.8,117.6,3.1,0.9
CD-CAN,BOT-1016,7804.0,636.8,129.8,1.4,1.6
CD-TIJ,LAC-1009,1342.0,237.5,62.5,6.0,1.5
CD-VER,ABA-1013,2514.0,375.2,51.3,2.2,0.9
CD-PUE,BOT-1002,9600.0,618.5,126.9,1.0,0.3
CD-TIJ,BOT-1007,9049.0,700.3,112.6,6.5,1.5
CD Monterrey,BOT-1000,9816.0,909.6,148.9,0.8,0.3
CD-LEO,BOT-1021,994.0,350.4,66.4,1.7,0.6
CD-VER,ABA-1019,3727.0,279.8,39.4,2.2,0.9
CD-PUE,PRO-1013,2340.0,524.4,329.3,0.5,0.3
CD-MER,BOT-1013,4027.0,458.7,88.5,4.8,1.3
CD-GDL,BOT-1016,9750.0,550.8,113.9,0.9,0.2
CD-HER,BOT-1018,1399.0,315.7,56.1,4.4,1.2
CD-HER,LAC-1003,3911.0,327.7,124.6,3.5,1.2
CD-MER,BEB-1014,693.0,242.6,42.7,5.7,1.3
CD-MER,ABA-1016,4276.0,357.2,36.7,3.9,1.3
CD-TIJ,BOT-1006,5148.0,560.3,94.4,5.0,1.5
CD-MOR,BEB-1000,2922.0,298.3,53.2,2.0,0.5
CD-PUE,LAC-1006,2107.0,153.5,55.2,0.9,0.3
CD-VER,PRO-1005,2725.0,178.7,118.0,3.9,0.9
CD-HER,BEB-1020,1330.0,443.0,47.2,3.4,1.2
CD-HER,ABA-1016,2072.0,298.2,42.8,4.9,1.2
CD-CAN,PRO-1006,794.0,113.3,58.2,9.6,1.6
CD-TOL,BEB-1002,4502.0,408.1,47.1,1.9,0.5
CD-HER,ABA-1002,3667.0,240.2,29.3,4.3,1.2
CD-MER,BEB-1000,2310.0,271.6,41.2,3.3,1.3
CD-MOR,LAC-1008,2671.0,243.0,95.8,2.8,0.5
CD-PUE,LAC-1015,3048.0,390.8,125.1,1.3,0.3
CD-MER,PRO-1004,11161.0,640.2,355.5,6.0,1.3
CDMX,BOT-1000,12238.0,771.8,152.0,1.1,0.2
CD-CDMX,BOT-1014,8428.0,665.6,126.7,1.2,0.2
CD-SAL,ABA-1001,4165.0,238.0,35.3,2.5,0.5
CD-SAL,BOT-1017,6899.0,818.3,216.9,2.0,0.5
CD-QRO,BOT-1018,3726.0,739.6,151.4,1.8,0.4
CD-GDL,ABA-1004,1880.0,360.6 ,41.1,1.1,0.2
CD-GDL,BOT-1000,1192.0,279.8,46.4,1.3,0.2
CD-CAN,LAC-1001,3045.0,329.2,133.9,3.4,1.6
CD-LEO,BOT-1005,7424.0,555.9,155.1,2.9,0.6
CD-QRO,BOT-1006,2055.0,584.0,140.8,1.4,0.4
CD-HER,PRO-1008,,720.8,486.5,1.8,1.2
CD-QRO,BEB-1012,,424.1,71.8,2.2,0.4
CD-MER,BEB-1021,3657.0,293.1 ,30.5,4.3,1.3
CD-SAL,PRO-1003,5890.0,361.0,153.1,2.3,0.5
CD-VER,LAC-1016,5355.0,337.4,90.6,1.0,0.9
CD-GDL,LAC-1000,3502.0,346.9,101.4,0.8,0.2
CD-HER,BEB-1012,1091.0,451.3,53.5,2.3,1.2
CD-VER,BEB-1016,9189.0,651.6 ,109.2,2.2,0.9
CD-HER,PRO-1003,2028.0,474.6,265.9,4.8,1.2
CD-CHI,LAC-1003,8703.0,562.5,201.4,1.6,1.0
CD-VER,ABA-1015,1693.0,264.8,31.7,4.4,0.9
CD-GDL,LAC-1004,,310.4,128.1,0.7,0.2
CD-CAN,BEB-1015,4218.0,381.1,72.6,4.4,1.6
CD-TOL,BEB-1019,3332.0,552.0,92.6,1.8,0.5
CD-TOL,BOT-1010,3834.0,537.5,101.3,2.0,0.5
CD-QRO,LAC-1004,3357.0,244.2,67.2,1.6,0.4
CD-CHI,LAC-1008,7178.0,425.0,190.6,2.6,1.0
CD-MOR,BOT-1015,2147.0,326.4,71.5,2.0,0.5
CD-MOR,BOT-1007,2672.0,382.6,99.0,1.8,0.5
CD-TIJ,BEB-1017,2882.0,372.4,48.4,4.6,1.5
CD-MER,BOT-1007,18075.0,1129.3,202.8,4.2,1.3
CD-LEO,BOT-1011,8282.0,490.0,90.2,1.2,0.6
CD-GDL,BOT-1013,9377.0,743.9 ,141.2,1.1,0.2
CD-VER,BOT-1022,7699.0,935.8,201.1,1.5,0.9
CD-MTY,PRO-1009,3161.0,829.3,443.9,1.6,0.3
CD-LEO,PRO-1004,7034.0,520.3,329.0,2.1,0.6
CD-GDL,LAC-1005,2486.0,405.4,135.0,1.1,0.2
CD-QRO,ABA-1007,744.0,477.0,70.2,1.7,0.4
CD-MOR,PRO-1002,2624.0,378.5,210.8,2.4,0.5
CD-TOL,LAC-1014,6379.0,524.2,196.6,1.4,0.5
CD-TIJ,BOT-1021,3196.0,475.3,114.6,8.2,1.5
CD-SAL,PRO-1011,5646.0,,331.0,1.5,0.5
CD-QRO,ABA-1003,2519.0,277.8,23.8,2.2,0.4
CD-MTY,LAC-1006,2161.0,287.0,76.1,0.7,0.3
CD-LEO,BEB-1001,2697.0,388.2,72.4,1.0,0.6
CD-TOL,LAC-1002,2597.0,213.6,60.4,1.8,0.5
CD-GDL,BEB-1020,7289.0,425.5,70.5,1.0,0.2
CD-LEO,BOT-1016,3073.0,607.6,169.1,1.2,0.6
CD-TOL,BEB-1003,9248.0,515.2,99.5,2.5,0.5
CD-MTY,LAC-1001,1626.0,136.4,54.7,1.0,0.3
CD-TOL,BOT-1013,,1024.2,267.7,1.8,0.5
CD-MTY,BOT-1004,1613.0,483.8,131.6,0.8,0.3
CD-LEO,LAC-1017,,236.3,84.3,1.7,0.6
CD-MER,ABA-1008,5824.0,357.0,41.6,4.6,1.3
CD-CHI,LAC-1015,901.0,244.4,82.6,3.1,1.0
CD-MOR,ABA-1010,2033.0,173.6,22.0,1.9,0.5
CD-MTY,BOT-1009,6404.0,393.9,61.6,1.1,0.3
CD-MER,PRO-1006,3242.0,464.0,198.6,5.0,1.3
CD-CAN,BEB-1013,1381.0,591.6,74.4,4.4,1.6
CD-HER,BOT-1016,6120.0,865.9,150.4,5.2,1.2
CD-TIJ,LAC-1002,2046.0,177.6,61.9,6.2,1.5
CD-VER,PRO-1004,1430.0,151.0,67.0,3.1,0.9
CD-SAL,BOT-1013,5260.0,386.9,77.8,2.3,0.5
CD-VER,PRO-1007,9488.0,709.9,461.8,2.4,0.9
CD-QRO,BEB-1009,7350.0,416.1,46.9,1.7,0.4
CD-CDMX,PRO-1014,4397.0,521.6,339.8,0.8,0.2
CD-LEO,ABA-1007,2544.0,243.8,34.5,1.6,0.6
CD-CAN,ABA-1010,2224.0,189.5,16.8,6.2,1.6
CD-GDL,LAC-1013,1156.0,345.5,122.1,0.8,0.2
CD-LEO,LAC-1002,1032.0,295.2,115.0,1.2,0.6
CD-CAN,BEB-1007,646.0,268.0,35.8,7.9,1.6
CD-TOL,BOT-1017,4947.0,487.8,122.6,1.8,0.5
CD-VER,ABA-1017,2495.0,252.8,24.3,3.9,0.9
CD-GDL,LAC-1008,4548.0,399.7,163.9,1.3,0.2
CD-MTY,BEB-1006,564.0,158.4,16.6,0.9,0.3
CD-MTY,ABA-1013,118.0,230.4,27.7,1.0,0.3
CD-VER,BOT-1023,1064.0,1029.2,206.2,5.4,0.9
CD-TIJ,BEB-1005,1624.0,384.3,60.7,3.7,1.5
CD-QRO,PRO-1011,1206.0,511.1,234.5,2.8,0.4
CD-GDL,BEB-1000,3160.0,,30.8,0.9,0.2
CD-TOL,PRO-1006,7151.0,529.4,317.7,2.3,0.5
CD-GDL,PRO-1014,5356.0,316.4,128.3,1.0,0.2
CD-HER,PRO-1010,625.0,259.8 ,137.5,2.8,1.2
CD-HER,BEB-1016,2592.0,189.6,32.8,0.6,1.2
CD-CHI,ABA-1001,631.0,210.7,27.1,2.6,1.0
CD-LEO,BEB-1014,1908.0,564.1,72.6,0.9,0.6
CD-SAL,PRO-1005,499.0,109.7,52.0,3.1,0.5
CD-HER,BEB-1008,,520.8,75.0,3.5,1.2
CD-MOR,ABA-1016,1830.0,289.1,34.5,2.2,0.5
CD-VER,BOT-1020,4740.0,405.4,77.9,2.9,0.9
CD-GDL,BOT-1021,7879.0,884.0,240.8,0.9,0.2
CD-TIJ,LAC-1004,5520.0,313.4,126.9,5.2,1.5
CD-CHI,LAC-1014,1719.0,192.8,49.2,3.5,1.0
CDMTY,BEB-1020,3818.0,416.2,81.2,1.6,0.3
CD-SAL,BOT-1005,6998.0,533.6,144.0,2.0,0.5
CD-CAN,PRO-1002,1645.0,248.1,127.4,6.8,1.6
CD-VER,LAC-1008,4263.0,241.7,86.2,1.9,0.9
CD-PUE,BOT-1004,6350.0,527.6,98.9,1.1,0.3
CD-QRO,ABA-1002,2794.0,269.4,32.3,2.6,0.4
CD-HER,BOT-1006,3737.0,383.1,88.7,3.9,1.2
CD-VER,PRO-1002,2009.0,300.7,177.9,2.9,0.9
CD-CHI,LAC-1009,3532.0,220.1 ,71.8,3.5,1.0
CD-TOL,BEB-1012,1558.0,519.8,91.0,1.2,0.5
CD-MER,BEB-1003,4243.0,717.3,139.6,6.6,1.3
CD-SAL,BEB-1008,2472.0,419.7,69.4,1.8,0.5
CD-SAL,BOT-1012,2311.0,588.4 ,91.5,1.3,0.5
CD-GDL,PRO-1007,5399.0,374.6,196.9,0.9,0.2
CD-CHI,PRO-1014,3653.0,694.0,298.2,4.3,1.0
CD-SAL,PRO-1006,7582.0,518.1,358.9,1.5,0.5
CD-VER,PRO-1009,536.0,223.9,152.1,4.1,0.9
CD-GDL,BOT-1001,1462.0,410.7,73.8,0.9,0.2
CD-TOL,LAC-1013,4691.0,275.8,77.0,1.7,0.5
CD-MOR,PRO-1012,1560.0,231.6,110.1,1.6,0.5
CD-MTY,LAC-1016,1547.0,213.8,54.3,0.7,0.3
CD-TIJ,BEB-1021,1991.0,233.7,25.2,5.7,1.5
CD-MTY,ABA-1012,1797.0,366.8,50.7,1.1,0.3
CD-MOR,BEB-1001,6072.0,570.5,90.1,1.4,0.5
CD-MOR,BOT-1013,2339.0,,181.0,1.9,0.5
CD-SAL,LAC-1006,4135.0,484.5,184.6,1.6,0.5
CD-GDL,ABA-1002,3657.0,463.0,38.5,0.7,0.2
CD-TIJ,BEB-1010,6733.0,380.5,74.0,4.8,1.5
CD-TOL,PRO-1012,212.0,304.1,139.7,1.7,0.5
CD-MER,ABA-1010,7139.0,433.6,55.0,4.4,1.3
CD-HER,LAC-1001,4014.0,263.2,91.8,1.7,1.2
CD-CHI,BEB-1017,6590.0,519.7,69.0,4.4,1.0
CD-VER,BEB-1015,1830.0,350.0,45.8,3.8,0.9
CD-HER,LAC-1006,3018.0,245.7,72.6,3.4,1.2
CD-GDL,ABA-1007,,354.2,31.9,1.2,0.2
CD-HER,ABA-1007,5185.0,513.4,67.8,1.1,1.2
CD-HER,LAC-1017,4249.0,,117.0,4.9,1.2
CD-QRO,BOT-1017,7744.0,517.7,147.4,2.0,0.4
CD-MOR,PRO-1010,3882.0,246.6,165.1,2.2,0.5
CD-LEO,BOT-1017,3463.0,654.2,173.4,1.8,0.6
CD-PUE,BOT-1005,4522.0,593.5,129.8,1.1,0.3
CD-VER,ABA-1006,2324.0,424.1,40.2,2.9,0.9
CD-CDMX,BEB-1002,7941.0,577.5,79.7,1.1,0.2
CD-VER,BEB-1006,1383.0,385.3,50.7,2.8,0.9
CD-SAL,ABA-1007,2270.0,265.6,39.5,2.3,0.5
CD-LEO,BOT-1018,4905.0,482.8,140.7,1.4,0.6
CD-MTY,PRO-1004,8757.0,529.6,251.8,0.7,0.3
CD-GDL,ABA-1016,5806.0,363.4,45.3,1.2,0.2
CD-SAL,PRO-1000,1802.0,490.6,314.1,1.8,0.5
CD-MOR,PRO-1004,2492.0,183.2,84.3,2.0,0.5
CD-PUE,LAC-1007,4842.0,437.6,181.3,1.2,0.3
CD-SAL,BEB-1004,6395.0,373.2,43.1,2.1,0.5
CD-GDL,ABA-1013,784.0,228.7,27.0,1.0,0.2
CD-MOR,LAC-1010,1747.0,164.4,64.9,2.0,0.5
CD-QRO,ABA-1015,2863.0,194.0,18.0,2.5,0.4
CD-CDMX,BEB-1006,4951.0,593.4,70.0,1.0,0.2
CD-LEO,BEB-1006,,456.9,88.2,3.2,0.6
CD-MER,BOT-1022,2596.0,,82.4,3.8,1.3
CD-CAN,ABA-1005,1573.0,570.4,61.2,2.9,1.6
CD-VER,BOT-1006,1676.0,571.1,123.7,2.2,0.9
CD-QRO,BOT-1023,3919.0,388.3,78.0,1.6,0.4
CD-TIJ,BOT-1022,3467.0,416.7,108.7,6.6,1.5
CD-CAN,ABA-1013,841.0,,52.3,4.4,1.6
CD-MOR,ABA-1018,872.0,313.3,39.7,1.6,0.5
CD-MOR,ABA-1015,2298.0,209.7,27.0,1.7,0.5
CD-CAN,ABA-1002,2592.0,189.6,24.2,5.6,1.6
CD-TOL,ABA-1008,,167.3,18.8,2.4,0.5
CD-MER,ABA-1011,3734.0,311.3,29.0,2.4,1.3
CD-LEO,PRO-1014,4612.0,432.4,238.5,2.3,0.6
CD-TOL,BOT-1023,1844.0,276.9,64.6,1.6,0.5
CD-TOL,BEB-1001,3310.0,224.0,37.4,1.2,0.5
CD-MOR,LAC-1012,,522.3,175.5,2.3,0.5
CD-PUE,ABA-1003,1169.0,302.9,33.1,1.0,0.3
CD-MOR,BOT-1018,5383.0,307.7,47.9,2.4,0.5
CD-PUE,BOT-1003,3460.0,626.0,157.1,0.7,0.3
CD-SAL,PRO-1010,5600.0,705.6,439.5,1.1,0.5
CD-GDL,LAC-1015,2971.0,220.4,65.9,1.0,0.2
CD-MTY,BEB-1004,4748.0,402.8,78.7,1.1,0.3
CD-SAL,ABA-1014,990.0,313.6,31.9,1.9,0.5
CD-MTY,LAC-1015,1037.0,176.4,62.9,1.3,0.3
CD-PUE,ABA-1014,3211.0,445.8,51.7,1.2,0.3
CD-CHI,BOT-1017,5910.0,697.9,177.5,1.3,1.0
CD-TOL,LAC-1017,5604.0,369.1,119.0,1.5,0.5
CD-LEO,ABA-1001,799.0,416.3,40.3,2.5,0.6
CD-CHI,ABA-1015,457.0,145.2,18.9,4.7,1.0
CDMTY,PRO-1013,4868.0,526.9,246.3,1.2,0.3
CD-CDMX,BEB-1021,3377.0,263.5,33.0,1.2,0.2
CD-SAL,LAC-1011,-10.0,435.8,169.7,2.2,0.5
CD-MER,LAC-1013,576.0,198.7,80.9,2.8,1.3
CD-MOR,LAC-1017,2326.0,,88.2,2.4,0.5
CD-TIJ,PRO-1000,3190.0,604.8,383.5,4.5,1.5
CD-TOL,ABA-1015,4077.0,291.7,29.3,2.2,0.5
CD-TIJ,LAC-1012,1391.0,327.1,105.7,4.0,1.5
CD-TIJ,BEB-1000,7945.0,490.0,63.2,4.9,1.5
CD-PUE,LAC-1004,2209.0,334.4,91.6,1.1,0.3
CD-MER,BOT-1003,2992.0,284.0 ,70.5,4.4,1.3
CD-CHI,ABA-1016,967.0,143.4,21.1,2.2,1.0
CD-CHI,LAC-1001,1313.0,173.7,69.7,3.6,1.0
CD-CAN,LAC-1005,1800.0,294.3,118.1,5.5,1.6
CD-TIJ,LAC-1011,5429.0,506.9,227.2,4.9,1.5
CD-VER,BEB-1004,973.0,,28.8,4.1,0.9
CD-TIJ,BOT-1010,2356.0,367.2,89.8,4.1,1.5
CD-TIJ,LAC-1000,2939.0,191.3,52.1,2.4,1.5
CD-MER,ABA-1018,1429.0,274.7,25.1,4.2,1.3
CD-MER,ABA-1006,3430.0,412.9,59.5,5.3,1.3
CD-LEO,PRO-1015,3554.0,207.2,140.8,1.7,0.6
CD-CHI,LAC-1012,5815.0,408.5 ,113.0,5.5,1.0
CD-CAN,PRO-1003,2811.0,330.1,151.0,3.1,1.6
CD-MOR,LAC-1013,2385.0,315.7,81.5,1.9,0.5
CD-SAL,LAC-1010,4483.0,282.4,115.6,2.5,0.5
CD-GDL,BOT-1017,575.0,643.7,112.6,0.9,0.2
CD-TIJ,ABA-1004,6041.0,525.5,63.0,4.4,1.5
CD-VER,LAC-1000,999999.0,546.7,192.3,1.4,0.9
CD-CHI,BOT-1021,4276.0,401.9,74.4,2.8,1.0
CD-GDL,ABA-1006,351.0,154.8,18.2,1.4,0.2
CD-VER,PRO-1008,3434.0,191.2 ,92.3,1.7,0.9
CD-QRO,BOT-1022,12083.0,690.1,129.5,2.1,0.4
CD-TIJ,PRO-1015,11505.0,728.8,450.9,6.5,1.5
CD Monterrey,BOT-1006,1424.0,365.1,55.4,0.8,0.3
CD-CHI,ABA-1000,873.0,221.7,33.0,2.4,1.0
CD-LEO,BOT-1002,3438.0,364.6,57.8,1.9,0.6
CD-SAL,BOT-1016,8659.0,585.9,164.8,2.4,0.5
CD-VER,LAC-1005,5110.0,297.6 ,122.7,3.4,0.9
CD-MER,LAC-1017,2922.0,352.1,116.5,4.0,1.3
CD-CHI,BEB-1006,3679.0,216.6,27.5,3.0,1.0
CD-TOL,PRO-1011,5262.0,503.2,275.2,2.2,0.5
CD-TIJ,ABA-1017,1005.0,154.2,21.7,5.0,1.5
CD-MOR,BOT-1009,7229.0,483.9,110.8,2.7,0.5
CD-QRO,BEB-1016,1042.0,217.5,35.5,2.6,0.4
CD-GDL,BOT-1008,6880.0,,131.8,1.0,0.2
CD-VER,LAC-1017,1703.0,285.7,126.2,2.2,0.9
CD-SAL,BEB-1000,6214.0,346.2,39.8,1.6,0.5
CD-VER,BOT-1008,3454.0,396.6,94.2,4.5,0.9
CD-SAL,BEB-1001,5932.0,423.8,45.2,1.9,0.5
CD-SAL,LAC-1005,3088.0,178.6,76.4,2.1,0.5
CD CDMX,ABA-1005,1559.0,509.0,60.3,1.4,0.2
CD-MER,BEB-1006,8966.0,543.8,90.4,5.7,1.3
CD-MER,PRO-1012,4168.0,234.6,98.9,3.8,1.3
CD-LEO,BOT-1001,586.0,505.8,148.8,1.0,0.6
CD-GDL,BEB-1008,3397.0,300.9,48.0,1.1,0.2
CD-CDMX,ABA-1007,3441.0,248.0,30.6,1.1,0.2
CD-CAN,BEB-1008,991.0,,75.4,0.5,1.6
CD-HER,PRO-1002,2361.0,601.1,350.9,4.5,1.2
CD Monterrey,BEB-1010,2776.0,247.7,25.4,1.2,0.3
CD-GDL,BEB-1006,3448.0,223.3,26.4,1.0,0.2
CD-GDL,BEB-1013,1027.0,405.3,79.4,1.1,0.2
CD-TOL,LAC-1008,3957.0,286.1,89.3,2.7,0.5
CD-TIJ,BEB-1011,3836.0,479.2,76.1,3.2,1.5
CD-TOL,BEB-1006,1828.0,341.4,60.1,1.6,0.5
CD-TIJ,BEB-1004,5790.0,331.6,41.8,3.1,1.5
cd-cdmx ,PRO-1010,6109.0,468.0,319.4,1.0,0.2
CD-CAN,BOT-1015,2345.0,593.8,112.5,4.4,1.6
CD-VER,BOT-1016,1893.0,465.8,129.8,2.1,0.9
CD-CDMX,ABA-1000,3835.0,359.5,51.5,0.9,0.2
CD-TOL,PRO-1010,8519.0,672.6,422.8,1.4,0.5
CD-TOL,LAC-1006,3336.0,503.8,215.4,1.7,0.5
CD-TIJ,BOT-1019,3307.0,381.7,101.2,4.7,1.5
CD-CAN,LAC-1004,5402.0,322.3,127.0,4.0,1.6
CD-SAL,BEB-1012,3370.0,375.4,61.0,2.6,0.5
CD-MOR,BOT-1006,5797.0,360.1,105.4,2.4,0.5
CD-SAL,ABA-1009,2232.0,449.3,66.4,1.9,0.5
CD-PUE,LAC-1008,1579.0,430.1,141.9,1.1,0.3
CD-CHI,BEB-1000,2224.0,362.9,42.2,3.4,1.0
CD Monterrey,BEB-1012,3816.0,537.2,105.4,0.9,0.3
CD-MER,LAC-1012,3721.0,246.0,91.3,4.3,1.3
CD-SAL,ABA-1006,4677.0,382.9,42.2,1.9,0.5
CD-TIJ,BOT-1023,3936.0,596.6,169.2,2.9,1.5
CD-SAL,BEB-1018,695.0,319.7,52.8,1.8,0.5
CD-CAN,LAC-1000,2293.0,415.9,120.6,6.1,1.6
CD-MTY,PRO-1012,2127.0,281.8,158.2,0.9,0.3
CD-MER,LAC-1016,1788.0,135.3,39.9,5.6,1.3
CD-PUE,PRO-1006,1047.0,125.2,61.6,1.0,0.3
CD-CHI,BOT-1003,1316.0,620.9,111.4,3.6,1.0
CD-CAN,LAC-1007,4881.0,,141.6,3.7,1.6
cd-cdmx ,BEB-1020,1512.0,240.9,38.5,1.3,0.2
CD-MTY,BEB-1002,1339.0,280.6,28.8,0.8,0.3
CD-CDMX,BOT-1003,2338.0,386.5,91.8,1.1,0.2
CD-HER,PRO-1006,3800.0,593.3,360.6,6.2,1.2
CD-HER,BEB-1017,371.0,402.6 ,64.8,3.8,1.2
CD-HER,ABA-1017,1143.0,564.7,77.6,5.8,1.2
CD-TIJ,BOT-1001,2969.0,437.2,99.9,4.8,1.5
CD CDMX,BOT-1002,11753.0,912.4,164.6,1.3,0.2
CD-PUE,BEB-1003,5143.0,,81.6,1.3,0.3
CD-CHI,BOT-1019,,347.3,56.6,2.5,1.0
CD-PUE,LAC-1010,579.0,158.7,58.6,1.1,0.3
CD-QRO,ABA-1019,4894.0,329.2,45.5,2.4,0.4
CD-SAL,ABA-1011,1895.0,159.7,23.1,2.3,0.5
CD-MOR,LAC-1003,,258.3,67.7,2.4,0.5
CD-MER,BOT-1018,5740.0,,101.0,3.9,1.3
CD-HER,PRO-1013,1298.0,673.7,408.6,5.5,1.2
CD-HER,PRO-1012,1682.0,306.6,184.9,2.0,1.2
CD-CAN,BOT-1008,11613.0,718.7,183.9,2.3,1.6
CD-TIJ,ABA-1012,6123.0,366.4,32.4,3.9,1.5
CD-QRO,BOT-1010,5417.0,410.1,69.4,2.7,0.4
CD-SAL,LAC-1016,6556.0,387.7,171.6,2.6,0.5
CD-CDMX,LAC-1012,2982.0,294.6,96.7,1.0,0.2
CD-CHI,PRO-1003,4760.0,642.2,281.6,4.8,1.0
CD-TIJ,BOT-1012,3244.0,512.9,101.3,4.6,1.5
CD-GDL,BOT-1011,5663.0,667.6,165.5,0.7,0.2
CD-MER,ABA-1001,4305.0,456.2,57.6,3.3,1.3
CD-QRO,ABA-1006,2513.0,227.3,19.2,2.1,0.4
CD-VER,ABA-1014,,366.8,47.1,4.0,0.9
CD-CDMX,LAC-1003,3839.0,300.5,84.8,1.0,0.2
CD-LEO,BOT-1003,5827.0,660.6,172.4,1.8,0.6
CD-QRO,LAC-1003,2180.0,192.8,71.4,2.2,0.4
CD-MER,LAC-1006,1133.0,269.0,103.2,1.4,1.3
CD-TIJ,PRO-1008,1763.0,257.5,160.3,4.6,1.5
CD-VER,ABA-1004,4535.0,337.1,50.2,3.7,0.9
CD-CDMX,LAC-1005,2025.0,124.6,35.3,1.3,0.2
CD-PUE,ABA-1011,3796.0,428.7,54.6,1.4,0.3
CD-CHI,BOT-1023,13464.0,983.5,229.8,1.8,1.0
CD-TOL,ABA-1006,2163.0,291.5,30.0,2.7,0.5
CD-PUE,ABA-1016,6822.0,458.3,60.0,1.4,0.3
CD-CDMX,ABA-1003,2091.0,221.8,23.5,0.9,0.2
CD-CHI,ABA-1012,4697.0,385.2,37.7,2.9,1.0
CD-CAN,LAC-1002,3282.0,466.4,177.7,3.8,1.6
CD-MTY,ABA-1019,5045.0,343.1,30.8,1.1,0.3
CD-SAL,BOT-1010,7453.0,,122.1,2.2,0.5
CD-CHI,BEB-1008,5209.0,327.9,34.2,3.1,1.0
CD-LEO,LAC-1011,4603.0,301.9,120.7,2.1,0.6
CD-TOL,BOT-1001,13848.0,898.0,148.9,3.1,0.5
CD-MOR,ABA-1012,2307.0,254.3,30.3,1.4,0.5
CD-LEO,ABA-1005,3237.0,256.6,30.2,3.3,0.6
CD-PUE,PRO-1009,,709.3,331.5,1.0,0.3
CD-LEO,LAC-1012,4236.0,275.8,79.7,2.4,0.6
CD-HER,BOT-1019,9722.0,603.2,98.0,4.9,1.2
CD-SAL,ABA-1004,1698.0,307.1,28.1,2.3,0.5
CD-MER,BOT-1000,9510.0,,134.2,2.0,1.3
CD-SAL,PRO-1007,6682.0,494.7,280.3,1.7,0.5
CD-MOR,ABA-1017,5307.0,310.9,44.1,2.1,0.5
CD-LEO,PRO-1007,4536.0,401.6,198.5,2.3,0.6
CD-CHI,BEB-1005,10112.0,636.3,100.9,4.2,1.0
CD-VER,ABA-1018,2128.0,225.9,26.0,2.0,0.9
CD-HER,PRO-1001,1005.0,465.2,268.9,3.8,1.2
CD-HER,BEB-1011,1905.0,234.0,43.1,2.7,1.2
CD-MOR,ABA-1007,2111.0,391.8,37.5,1.8,0.5
CD-CDMX,LAC-1009,1657.0,349.1,136.3,1.3,0.2
CD-VER,BOT-1009,1444.0,682.1,153.9,3.9,0.9
CD-MOR,BEB-1017,5260.0,423.8,69.7,2.4,0.5
CD-TIJ,BOT-1002,1096.0,346.2,93.2,4.7,1.5
CD-PUE,LAC-1016,3412.0,351.3,102.5,1.0,0.3
CD-SAL,BOT-1011,13235.0,853.2,238.3,1.9,0.5
CD-MTY,LAC-1017,,229.5,84.6,0.8,0.3
CD-SAL,PRO-1002,1992.0,134.4,82.3,2.2,0.5
CD-CHI,ABA-1005,2921.0,301.1,32.9,2.7,1.0
CD-MER,PRO-1013,7603.0,544.2,218.6,5.0,1.3
CD-VER,ABA-1007,1469.0,283.4,24.1,4.1,0.9
CD-HER,BEB-1006,1799.0,556.7,70.7,4.0,1.2
CD-MTY,PRO-1005,633.0,423.3,228.0,0.8,0.3
CD-VER,LAC-1001,1306.0,202.1,61.9,2.7,0.9
CD-MER,BEB-1012,4489.0,257.7,38.3,2.2,1.3
CD-GDL,PRO-1005,6872.0,393.9,210.4,1.0,0.2
CD-MOR,PRO-1005,1688.0,158.5,86.5,0.8,0.5
CD-MTY,ABA-1018,5295.0,310.8,44.6,0.7,0.3
CD-CAN,BEB-1019,3897.0,431.5,67.7,3.5,1.6
CD-SAL,LAC-1013,2388.0,236.0,98.3,1.6,0.5
CD-VER,BOT-1015,4743.0,,137.5,3.3,0.9
CD-PUE,LAC-1005,2343.0,262.1,96.8,1.5,0.3
CD-MOR,PRO-1011,906.0,,92.7,2.3,0.5
CD-CDMX,ABA-1014,2175.0,,50.2,0.7,0.2
CD-PUE,BEB-1008,10058.0,680.9,134.0,0.5,0.3
CD-MOR,BOT-1008,6756.0,743.3,165.6,1.7,0.5
CD-CDMX,BEB-1019,5673.0,329.4,35.4,0.7,0.2
CD-GDL,LAC-1017,1640.0,304.1,117.7,0.8,0.2
CD-CDMX,LAC-1006,2379.0,203.0,55.0,1.0,0.2
CD-CAN,BOT-1019,13027.0,851.2,213.1,4.0,1.6
CD-SAL,BEB-1013,1710.0,403.3,71.1,0.9,0.5
CD-MOR,ABA-1008,5447.0,352.2,29.8,1.8,0.5
CD-PUE,BOT-1006,5841.0,353.3,101.8,0.8,0.3
CD-CHI,BEB-1019,2311.0,293.9,38.9,2.7,1.0
CD-SAL,BEB-1006,925.0,166.8,28.6,2.0,0.5
CD-HER,BOT-1013,7785.0,622.4,103.2,3.1,1.2
CD-PUE,BEB-1018,5948.0,418.9,58.9,0.8,0.3
CD-HER,PRO-1009,229.0,342.3,209.4,3.2,1.2
CD-HER,LAC-1002,1524.0,201.5,79.1,3.3,1.2
CD-GDL,BEB-1001,6323.0,676.4,98.0,1.0,0.2
CD-CAN,BEB-1006,3870.0,290.1,32.0,5.1,1.6
CD-TIJ,ABA-1015,574.0,367.5,43.9,5.9,1.5
CDMTY,LAC-1011,3318.0,516.1,135.3,1.4,0.3
CD-PUE,BEB-1021,4260.0,382.7,43.7,1.2,0.3
CD-MER,PRO-1009,3718.0,265.4,185.5,6.3,1.3
CD-LEO,ABA-1016,953.0,310.5,43.0,1.1,0.6
CD-TOL,PRO-1005,1288.0,180.2,74.3,2.9,0.5
CD-MTY,BOT-1005,13087.0,793.1,169.4,1.4,0.3
CD-CAN,BOT-1014,14152.0,989.1,263.0,5.6,1.6
CD-LEO,BEB-1018,2297.0,495.6,55.2,2.2,0.6
CD-MOR,ABA-1009,951.0,443.6,64.2,2.5,0.5
CD-CAN,BEB-1018,423.0,265.6,32.0,8.6,1.6
CD-TIJ,BEB-1015,2813.0,276.7,40.1,4.7,1.5
CDMTY,BOT-1010,8285.0,799.0,128.7,1.1,0.3
CD-QRO,LAC-1015,880.0,306.3,99.9,2.3,0.4
CD-TOL,BOT-1021,4328.0,286.6,53.1,1.7,0.5
CD-QRO,BOT-1013,11536.0,662.4,111.8,1.3,0.4
CD-LEO,PRO-1012,3805.0,227.1,144.0,1.6,0.6
CD-QRO,BOT-1004,10381.0,664.7,125.1,2.0,0.4
CD-CAN,PRO-1001,3150.0,378.7,250.7,4.0,1.6
CD-TIJ,BOT-1009,4471.0,449.5,85.7,7.1,1.5
CD Monterrey,BOT-1013,2901.0,379.1,83.2,1.3,0.3
CD-PUE,BOT-1023,5420.0,568.5,106.3,1.1,0.3
CD-MOR,ABA-1001,2418.0,356.5,43.6,2.0,0.5
CD-TOL,ABA-1012,8519.0,548.9,67.9,2.4,0.5
CD-HER,BOT-1008,,546.8,135.4,3.1,1.2
CD-TOL,BOT-1022,3448.0,601.1,90.2,1.5,0.5
CD-CAN,PRO-1008,788.0,196.4,99.2,1.7,1.6
CD-TOL,BOT-1005,4772.0,271.0,62.8,1.6,0.5
CD-CDMX,BOT-1004,9272.0,726.7,152.5,0.9,0.2
CD-TIJ,PRO-1011,706.0,151.0,92.5,2.4,1.5
CD-QRO,PRO-1001,1439.0,345.7,241.6,1.6,0.4
CD-TIJ,BOT-1013,11639.0,715.4,192.0,3.8,1.5
CD-MER,LAC-1009,475.0,261.5,110.4,4.1,1.3
CD-MER,PRO-1003,6190.0,563.7,355.7,2.3,1.3
CD-MOR,LAC-1002,4332.0,268.8,90.9,2.2,0.5
CD-VER,LAC-1003,2003.0,283.6,85.6,3.1,0.9
CD-MTY,PRO-1002,3006.0,683.5,343.5,1.4,0.3
CD-SAL,BEB-1017,2905.0,258.9,28.9,2.1,0.5
CD-GDL,BEB-1003,2367.0,466.0,72.3,0.7,0.2
CD-TOL,BEB-1005,3970.0,310.2,46.5,2.2,0.5
CD-MER,BEB-1004,2021.0,222.7,42.2,3.8,1.3
CD-TOL,LAC-1007,1122.0,246.3,88.4,1.6,0.5
CD-MOR,BEB-1006,4357.0,248.7,39.6,1.8,0.5
CD-GDL,BEB-1018,2744.0,357.7,71.0,0.8,0.2
CD-TIJ,BEB-1014,10022.0,615.3,96.8,6.7,1.5
CD-VER,BEB-1005,3000.0,266.9,38.7,2.8,0.9
CD-LEO,ABA-1002,3341.0,337.7,40.0,2.3,0.6
CD-HER,LAC-1007,1950.0,361.0,112.3,4.9,1.2
CD-PUE,ABA-1009,4117.0,300.5,34.6,0.9,0.3
CD-VER,BOT-1011,8473.0,749.0,192.9,3.0,0.9
CD-PUE,BEB-1014,3091.0,227.3,29.7,0.6,0.3
CD-GDL,BOT-1022,9934.0,822.4,232.7,1.3,0.2
CD-MER,PRO-1010,6309.0,444.6,184.4,4.1,1.3
CD-QRO,ABA-1013,1080.0,223.6,23.1,2.7,0.4
CD-GDL,PRO-1010,1521.0,142.0,77.8,1.1,0.2
CD-TOL,BEB-1020,6859.0,440.1,46.4,1.9,0.5
CD-GDL,BOT-1010,3340.0,770.1,145.2,1.3,0.2
CD-MTY,PRO-1007,11480.0,685.0,417.2,1.0,0.3
CD-LEO,PRO-1002,3637.0,263.3,158.3,2.0,0.6
CD-MTY,LAC-1007,1962.0,412.5,158.2,1.1,0.3
CD-PUE,PRO-1003,571.0,137.2,95.0,1.1,0.3
CD-PUE,BOT-1007,2544.0,,150.3,0.8,0.3
CD-GDL,BEB-1010,718.0,194.8,32.7,0.8,0.2
CD-CAN,BOT-1000,3873.0,679.3,152.4,2.1,1.6
CD-VER,BOT-1018,5846.0,359.6,104.6,1.8,0.9
CD-GDL,LAC-1012,5575.0,331.4,97.5,0.9,0.2
CD-MOR,ABA-1002,624.0,258.7,38.2,1.8,0.5
CD-CAN,LAC-1012,1177.0,326.0,145.4,4.3,1.6
CD-TOL,BEB-1014,8368.0,641.5,83.6,1.7,0.5
cd-mty,ABA-1005,3210.0,202.6,30.0,1.2,0.3
CD-GDL,LAC-1007,3266.0,334.2,115.6,1.0,0.2
CD-MOR,LAC-1016,1606.0,414.9,157.5,2.0,0.5
CD-TOL,LAC-1004,6374.0,407.0,108.1,1.9,0.5
CD-PUE,BEB-1000,5355.0,457.4,62.0,0.8,0.3
CD-CHI,BOT-1007,5466.0,423.8,75.1,3.8,1.0
CD-TIJ,PRO-1012,8016.0,596.9,409.3,2.6,1.5
CD-CHI,ABA-1017,323.0,340.0,42.9,4.3,1.0
CD-HER,BOT-1004,3199.0,291.4 ,53.6,4.8,1.2
CD-GDL,PRO-1009,212.0,,175.1,1.1,0.2
CD-VER,ABA-1003,1834.0,213.9,31.7,1.2,0.9
CD-HER,BEB-1002,3698.0,430.0,81.1,2.0,1.2
CD-HER,BEB-1003,2580.0,335.7,54.4,5.7,1.2
CD-HER,BOT-1009,11149.0,764.7,120.7,4.1,1.2
CD-LEO,BEB-1000,3206.0,307.1,50.2,2.2,0.6
CD-MOR,BEB-1019,7895.0,535.0,62.4,1.6,0.5
CD-SAL,LAC-1012,543.0,386.5,108.9,1.8,0.5
CD-GDL,BEB-1017,3475.0,500.0,87.7,1.1,0.2
CD-CHI,LAC-1016,846.0,283.9,106.2,2.0,1.0
CD-QRO,PRO-1009,6591.0,386.3,222.3,1.9,0.4
CD-MTY,PRO-1014,1159.0,148.7,81.7,1.2,0.3
CD-VER,BEB-1000,1352.0,401.8,62.4,2.9,0.9
CD-QRO,ABA-1014,2234.0,269.5,32.9,1.6,0.4
CD-CHI,BEB-1021,2746.0,216.4,34.7,2.7,1.0
CD-MOR,LAC-1006,2352.0,379.7,170.0,1.7,0.5
CD-QRO,ABA-1009,1882.0,581.8,58.6,2.2,0.4
CD-MTY,LAC-1012,4390.0,450.2,129.2,0.8,0.3
CD-PUE,BEB-1020,4850.0,447.4,66.6,0.6,0.3
CD-LEO,BEB-1020,3080.0,436.6,59.2,2.4,0.6
CD-CAN,ABA-1001,1262.0,295.8,30.2,2.7,1.6
CD-QRO,BOT-1009,4210.0,597.7,150.8,2.4,0.4
CD-CAN,BOT-1001,1614.0,,49.4,2.5,1.6
CD-CHI,LAC-1005,2964.0,432.8,111.3,3.4,1.0
CDMTY,BOT-1018,10912.0,,168.6,1.1,0.3
CD-SAL,BEB-1015,1930.0,315.2,51.5,2.7,0.5
CD-CAN,PRO-1015,2717.0,,234.4,6.0,1.6
CD-PUE,BOT-1017,6030.0,965.2,279.9,0.6,0.3
CD-MTY,BEB-1015,3761.0,252.3,44.2,1.2,0.3
CD-LEO,ABA-1014,1064.0,315.5,39.6,1.1,0.6
CD CDMX,LAC-1011,1094.0,255.5,81.1,1.4,0.2
CD-CDMX,LAC-1007,944.0,,53.9,0.7,0.2
CD-CAN,ABA-1019,4591.0,335.4,32.4,7.3,1.6
CD-MER,ABA-1013,2918.0,324.0,47.9,3.2,1.3
CD-PUE,ABA-1019,2160.0,388.4,48.0,1.3,0.3
CD-CDMX,LAC-1017,1604.0,499.8,171.6,1.3,0.2
CD-CDMX,BOT-1005,6028.0,674.5,102.0,1.1,0.2
CD-MOR,BEB-1008,3403.0,200.2,34.0,2.6,0.5
CD-QRO,BEB-1018,2000.0,,91.0,1.7,0.4
CD-LEO,BEB-1002,1072.0,339.0,46.5,2.4,0.6
CD-SAL,BOT-1019,2240.0,339.7,69.0,1.1,0.5
CD-QRO,BEB-1002,4354.0,560.6,78.3,2.2,0.4
CD-PUE,LAC-1000,6047.0,401.1,160.8,1.3,0.3
CD-MTY,ABA-1000,6017.0,432.1,37.2,1.7,0.3
CD-SAL,ABA-1015,2012.0,,36.8,2.0,0.5
CD-VER,BOT-1004,4013.0,820.7,221.8,3.9,0.9
CD-CAN,BEB-1020,2199.0,222.1,40.4,6.8,1.6
CD-TOL,BOT-1014,1076.0,275.7,71.3,1.9,0.5
CD-GDL,LAC-1002,3239.0,314.9,87.8,0.8,0.2
CD-MOR,BEB-1011,2215.0,299.6,37.7,1.9,0.5
CD-MOR,LAC-1005,3334.0,200.3,65.5,1.8,0.5
CD-VER,BEB-1018,4637.0,324.2,37.2,2.7,0.9
CD-TIJ,LAC-1003,1542.0,149.7 ,66.3,1.4,1.5
CD-QRO,BEB-1019,3387.0,398.3,76.4,2.0,0.4
CD-HER,ABA-1003,4275.0,481.1 ,55.9,4.8,1.2
CD-CHI,BEB-1012,5243.0,441.2,74.7,3.0,1.0
CD-VER,ABA-1016,3616.0,298.7,36.0,3.2,0.9
CD-CHI,PRO-1005,2901.0,562.3,245.4,1.1,1.0
CD-LEO,PRO-1000,4841.0,498.5,279.3,1.9,0.6
CD-CDMX,BOT-1022,3163.0,413.0,93.9,0.6,0.2
CD-LEO,PRO-1009,3523.0,600.4,287.4,2.6,0.6
CD-LEO,BEB-1019,3003.0,324.5,56.4,2.5,0.6
CD-MER,ABA-1019,1298.0,297.8,25.3,6.6,1.3
CD-MTY,BEB-1007,3489.0,390.3,45.8,1.6,0.3
CD-TOL,PRO-1001,1265.0,174.7,76.1,2.4,0.5
CD-LEO,BOT-1006,3231.0,596.5,176.7,1.7,0.6
CD-QRO,BOT-1000,4061.0,334.6,63.8,2.3,0.4
CD CDMX,BEB-1017,2087.0,335.1,46.8,0.9,0.2
CD-TIJ,BEB-1002,2437.0,545.7,75.6,5.8,1.5
CD-QRO,BOT-1011,12593.0,920.3,207.1,2.3,0.4
CD-SAL,BOT-1021,1877.0,547.3,146.6,1.4,0.5
CD-TOL,BEB-1018,2441.0,594.5,115.7,2.4,0.5
CD-CDMX,LAC-1013,608.0,196.0,80.1,1.0,0.2
CD-MOR,ABA-1006,7245.0,531.4 ,61.4,2.3,0.5
CD-HER,LAC-1013,7745.0,445.0,112.9,4.9,1.2
CD-MOR,BOT-1001,,805.9,239.5,2.1,0.5
CD-QRO,BEB-1003,7224.0,404.0,43.7,1.7,0.4
CD-MTY,LAC-1013,4314.0,,105.9,0.6,0.3
CD-VER,BOT-1003,,622.6,153.4,2.4,0.9
CD-TOL,ABA-1014,5211.0,372.5,39.1,1.4,0.5
CD-MTY,BEB-1011,4139.0,385.8,56.3,1.0,0.3
CD-CDMX,BOT-1016,2092.0,691.9,149.7,1.1,0.2
CD-TIJ,BEB-1013,4477.0,525.4,104.1,1.4,1.5
CD-MOR,PRO-1000,2417.0,400.7,250.3,1.7,0.5
CD Monterrey,ABA-1010,3306.0,256.2,26.5,0.8,0.3
CD-CDMX,PRO-1000,6360.0,566.5,379.7,0.9,0.2
CD-MOR,BEB-1010,2617.0,211.0,35.9,2.4,0.5
CD-SAL,ABA-1013,2747.0,242.9,20.5,1.6,0.5
CD-MOR,LAC-1000,3132.0,363.4,111.2,1.6,0.5
CD-LEO,ABA-1006,938.0,403.7,50.6,2.9,0.6
CD-PUE,BEB-1004,1772.0,577.0,106.6,0.9,0.3
CD-TIJ,PRO-1005,169.0,256.6,112.5,6.6,1.5
CD-QRO,ABA-1000,5211.0,450.2,62.0,2.5,0.4
CD-VER,LAC-1009,2286.0,405.6,150.3,2.7,0.9
CD-QRO,LAC-1001,,227.0,75.6,1.7,0.4
CD-CAN,PRO-1012,1243.0,108.6,54.3,3.2,1.6
CD-QRO,BEB-1007,6963.0,638.9,116.5,2.1,0.4
CD-MTY,ABA-1016,2480.0,363.6,40.3,0.8,0.3
CD-TIJ,ABA-1009,1852.0,240.2,19.4,3.2,1.5
CD-TIJ,ABA-1008,4031.0,281.0,35.6,5.3,1.5
CD-CHI,BOT-1006,5090.0,800.2,157.4,4.5,1.0
CD-GDL,BEB-1012,3801.0,577.9,61.0,1.1,0.2
CD-VER,BOT-1019,1818.0,648.7,193.0,2.9,0.9
CD-QRO,ABA-1018,332.0,236.7,25.7,1.8,0.4
CD-TOL,ABA-1019,3273.0,282.1,36.9,1.4,0.5
CD-MER,BOT-1021,4038.0,319.2,79.7,0.8,1.3
CD-PUE,LAC-1001,1493.0,276.6,69.5,1.0,0.3
CD-CHI,LAC-1007,2671.0,260.6,96.5,3.7,1.0
CD-LEO,PRO-1001,2111.0,123.3,61.3,2.6,0.6
CD-QRO,LAC-1017,3623.0,473.7,174.1,1.4,0.4
CD-QRO,ABA-1001,4653.0,398.4,47.0,2.2,0.4
CD-QRO,BOT-1008,3978.0,577.3,162.2,1.8,0.4
CD-CDMX,PRO-1009,4270.0,,179.0,1.1,0.2
CD-CAN,ABA-1015,1321.0,269.6,36.6,2.4,1.6
CD-TIJ,BOT-1015,-10.0,762.8,114.9,8.0,1.5
CD-SAL,BEB-1005,2573.0,301.3,49.5,1.9,0.5
CD-QRO,LAC-1006,1407.0,430.6,137.4,2.1,0.4
CD-QRO,ABA-1010,1406.0,181.9,16.1,1.3,0.4
CD-CDMX,ABA-1004,938.0,450.0,58.3,1.0,0.2
CD-CAN,BOT-1013,1878.0,304.4,88.6,3.3,1.6
CDMTY,BOT-1002,6761.0,,108.3,0.9,0.3
CD-MER,ABA-1017,1036.0,141.5 ,15.8,3.6,1.3
CD-SAL,LAC-1017,704.0,228.2,88.4,1.3,0.5
CD-PUE,BOT-1012,1984.0,305.4,56.7,1.1,0.3
CD-HER,ABA-1000,1061.0,415.7,59.2,4.9,1.2
CD-PUE,PRO-1010,11833.0,742.8,318.4,0.5,0.3
CD-CAN,PRO-1009,4249.0,460.4,212.2,6.2,1.6
CD-HER,PRO-1015,262.0,110.6,49.5,4.5,1.2
CD-MER,BOT-1002,2480.0,431.7,78.7,1.2,1.3
CD-CAN,LAC-1013,1098.0,,110.4,7.9,1.6
CD-GDL,LAC-1010,4087.0,382.5,168.5,1.4,0.2
CD-MER,PRO-1005,176.0,105.5,71.9,4.6,1.3
CD-HER,BOT-1021,4812.0,,153.7,3.9,1.2
CD-LEO,ABA-1018,8487.0,513.5,55.7,2.0,0.6
CD-CDMX,PRO-1004,824.0,,147.6,1.3,0.2
CD-CDMX,BOT-1009,2218.0,372.1,70.9,1.1,0.2
CDMTY,BOT-1012,9623.0,807.2,126.6,1.0,0.3
CD-QRO,LAC-1013,5983.0,347.7,143.2,2.2,0.4
CD-MER,BOT-1015,2949.0,491.7,124.4,4.4,1.3
CD-HER,BEB-1014,6250.0,404.0,50.9,5.2,1.2
CD-CHI,BOT-1014,10348.0,654.8,155.8,3.5,1.0
CD-LEO,ABA-1015,147.0,262.2,33.6,2.6,0.6
CD-LEO,ABA-1000,1074.0,212.2,20.7,1.6,0.6
CD-MTY,PRO-1011,,119.7,76.7,1.2,0.3
CD-SAL,PRO-1001,9196.0,541.6,221.8,1.8,0.5
CD-CDMX,ABA-1008,2707.0,191.5,27.3,1.1,0.2
CD-CDMX,BOT-1008,1280.0,577.0,148.4,1.1,0.2
CD-TOL,BEB-1017,4082.0,324.1,43.1,1.7,0.5
CD-PUE,BEB-1009,1184.0,290.7,35.8,0.9,0.3
CD-HER,BOT-1017,523.0,1012.7,194.0,4.8,1.2
CD-CHI,PRO-1010,3141.0,203.3,131.2,3.0,1.0
CD-MTY,BOT-1008,14127.0,811.4,156.5,0.9,0.3
CD-MER,BOT-1010,2479.0,760.8,125.5,2.8,1.3
CD-QRO,BOT-1021,6129.0,661.4,174.2,2.4,0.4
CD-CHI,LAC-1011,3974.0,225.7 ,72.0,2.8,1.0
CD-LEO,BOT-1000,5903.0,834.9,228.7,1.5,0.6
CD-MOR,ABA-1005,7310.0,503.3 ,42.1,2.3,0.5
CD-LEO,ABA-1008,2814.0,472.9,54.1,2.1,0.6
CD-VER,BOT-1002,3252.0,498.5,130.0,2.9,0.9
CD-CAN,BOT-1007,3545.0,391.1,105.7,3.5,1.6
CD-TOL,PRO-1015,2889.0,391.5,212.4,2.4,0.5
CD-GDL,ABA-1014,741.0,380.3,53.2,1.1,0.2
CD-LEO,BOT-1020,3824.0,736.5,199.6,1.1,0.6
CD-PUE,BOT-1014,6430.0,581.8,154.7,1.2,0.3
CD-CAN,PRO-1005,3190.0,225.1,101.8,4.4,1.6
CD-QRO,BEB-1004,,339.4,67.1,2.2,0.4
CD-VER,BOT-1014,5349.0,351.4,74.7,2.8,0.9
CD-TIJ,BOT-1018,6906.0,874.3,187.9,2.8,1.5
CD-GDL,BOT-1005,7849.0,444.0,111.5,1.1,0.2
CD-CHI,BEB-1020,3192.0,400.5,55.6,1.4,1.0
CD-VER,ABA-1009,1288.0,235.1,30.4,2.4,0.9
CD-VER,PRO-1015,4672.0,347.5,208.0,3.2,0.9
CD-LEO,LAC-1004,164.0,284.4,99.4,2.6,0.6
CD-HER,BOT-1005,6404.0,472.1,131.7,3.5,1.2
CD-PUE,PRO-1012,1749.0,381.8,191.0,1.2,0.3
CD-MOR,LAC-1007,3182.0,223.0,98.0,2.0,0.5
CD-HER,PRO-1005,2458.0,179.9,90.5,3.4,1.2
CD-GDL,PRO-1015,4436.0,569.8,307.6,0.8,0.2
CD-MER,BOT-1009,10245.0,624.2,111.3,5.5,1.3
CD-QRO,LAC-1014,831.0,202.0,54.0,1.8,0.4
CD-LEO,PRO-1005,5457.0,459.2,244.7,1.9,0.6
CD-MOR,BEB-1009,5854.0,378.3,47.0,2.3,0.5
CD-CHI,BEB-1003,4208.0,316.2,51.1,3.3,1.0
CD-TOL,LAC-1010,671.0,249.6,64.4,1.9,0.5
CD-TOL,PRO-1013,2546.0,396.1,210.5,2.3,0.5
CD-VER,BOT-1000,6086.0,949.7,238.8,3.5,0.9
CD-PUE,BEB-1013,2714.0,276.8,35.3,0.7,0.3
CD-MOR,PRO-1014,2998.0,734.1,366.8,1.7,0.5
CDMTY,LAC-1010,1109.0,335.4,86.5,1.2,0.3
CD-GDL,PRO-1002,3028.0,412.4,194.4,1.0,0.2
CD-VER,BEB-1014,8223.0,501.8,70.6,3.3,0.9
CD-CHI,PRO-1004,6473.0,548.3,280.5,1.3,1.0
CD-HER,ABA-1013,5326.0,448.6,38.6,7.3,1.2
CD-GDL,PRO-1013,2342.0,166.1,85.2,1.3,0.2
CD-CHI,PRO-1011,5608.0,553.4,319.4,1.5,1.0
CD-TIJ,PRO-1007,2917.0,167.0,103.3,3.5,1.5
CD-GDL,BEB-1004,2244.0,300.1,54.6,1.0,0.2
CD-TIJ,LAC-1015,6038.0,371.8,127.9,6.3,1.5
CD-HER,LAC-1015,2171.0,369.9,99.6,3.5,1.2
CD-CDMX,PRO-1002,2652.0,649.9,427.2,1.0,0.2
CD-GDL,BOT-1023,981.0,433.0,71.0,0.7,0.2
CD-CHI,BEB-1014,6535.0,526.2,64.0,1.9,1.0
CD-SAL,PRO-1013,6476.0,535.0,314.0,1.7,0.5
CD-LEO,ABA-1017,1385.0,160.1,22.7,2.4,0.6
CD Monterrey,BEB-1017,7320.0,520.2,91.1,1.3,0.3
CD-SAL,PRO-1008,3964.0,307.7,213.1,1.4,0.5
CD-SAL,LAC-1004,3560.0,222.0,81.8,1.6,0.5
CD-HER,ABA-1008,776.0,284.3,27.8,3.5,1.2
CD-CDMX,BOT-1021,5805.0,876.1,145.9,0.8,0.2
CD-LEO,LAC-1003,2076.0,216.2 ,95.0,2.7,0.6
CD-SAL,BEB-1011,,477.0,60.1,2.9,0.5
CD-MTY,ABA-1014,3976.0,264.5,24.9,0.9,0.3
CD-CDMX,BEB-1001,6684.0,608.1,105.0,0.8,0.2
CD-CDMX,PRO-1008,4169.0,310.2 ,143.8,1.2,0.2
CD-TIJ,ABA-1010,6208.0,398.8,49.6,4.0,1.5
CD-TOL,LAC-1009,926.0,272.7,98.0,2.0,0.5
CD-HER,ABA-1001,4917.0,475.4,66.5,3.2,1.2
CD-QRO,PRO-1012,5728.0,645.5,430.7,2.5,0.4
CD-GDL,BEB-1019,2266.0,362.6,69.4,0.8,0.2
CD-SAL,BEB-1020,3933.0,483.8,56.9,1.9,0.5
CD-CDMX,BEB-1014,1831.0,505.8,60.6,1.3,0.2
CD-CDMX,PRO-1007,4235.0,251.1,170.4,0.9,0.2
CD-QRO,ABA-1017,6424.0,420.2,59.3,1.5,0.4
CD-TIJ,PRO-1009,1632.0,332.8,214.7,6.7,1.5
CD-LEO,BEB-1017,3675.0,643.0,127.0,1.8,0.6
CD-MER,BOT-1014,1472.0,493.2,133.9,1.7,1.3
CD-PUE,BEB-1012,3361.0,333.2,60.1,1.1,0.3
CD-LEO,BEB-1021,8963.0,602.3,116.8,0.5,0.6
CD-CHI,LAC-1004,5006.0,329.0,88.1,2.5,1.0
CD-MTY,BEB-1000,3959.0,224.8,34.6,1.4,0.3
CD-SAL,ABA-1003,6924.0,385.7,38.2,1.0,0.5
CD-HER,LAC-1008,1783.0,141.1,53.7,4.9,1.2
CD-TIJ,ABA-1019,4227.0,246.6,35.2,9.0,1.5
CD-VER,BEB-1007,10271.0,648.4,127.7,2.3,0.9
CD-QRO,PRO-1006,3372.0,286.7,163.5,2.3,0.4
CD-LEO,ABA-1019,3607.0,323.5,41.6,1.2,0.6
CD-HER,BEB-1005,5220.0,447.9,69.9,3.6,1.2
CD-GDL,BEB-1002,3923.0,254.4,46.3,0.9,0.2
CD-CHI,BOT-1016,-50.0,682.9,126.2,4.5,1.0
CD-CAN,PRO-1004,1801.0,613.4,367.6,4.1,1.6
CD-TOL,BOT-1000,7144.0,468.2,106.1,1.6,0.5
CD-TOL,BOT-1011,14274.0,853.2,183.7,2.8,0.5
CD-CHI,ABA-1004,268.0,264.6,28.0,4.2,1.0
CD-SAL,LAC-1008,1664.0,145.0,56.1,0.5,0.5
CD-QRO,BOT-1020,224.0,278.0,44.1,2.3,0.4
CD-TOL,PRO-1002,4641.0,623.9 ,323.2,2.6,0.5
CD-LEO,PRO-1010,4619.0,480.3,246.6,1.8,0.6
CD-SAL,BEB-1014,1281.0,543.3,102.9,1.8,0.5
CD-VER,ABA-1011,4041.0,521.1,72.5,2.2,0.9
CD-CAN,ABA-1016,3681.0,379.7,41.1,4.7,1.6
CD-MOR,BEB-1014,2173.0,276.3,49.7,1.5,0.5
CD-CHI,BEB-1010,2346.0,183.7,24.0,2.1,1.0
CD-CHI,BOT-1004,3089.0,852.9,159.1,2.8,1.0
CD-CAN,LAC-1016,2127.0,290.1,127.6,5.0,1.6
CD-VER,BEB-1008,4792.0,493.4,63.4,2.3,0.9
CD-TOL,ABA-1005,2450.0,478.0,56.1,1.6,0.5
CD-CAN,BEB-1014,2177.0,212.3,23.4,2.6,1.6
CD-CHI,PRO-1015,2472.0,493.6,288.7,2.6,1.0
CD-MOR,ABA-1011,1790.0,284.3,42.0,2.5,0.5
CD-TIJ,ABA-1013,2876.0,361.9,48.2,2.7,1.5
CD-MOR,BEB-1018,9361.0,676.0,129.8,2.0,0.5
CD-HER,LAC-1009,3112.0,283.8,109.0,4.8,1.2
CD-CAN,BOT-1010,4176.0,,71.7,4.3,1.6
CD-PUE,ABA-1008,4425.0,275.4,22.8,0.6,0.3
CD-LEO,PRO-1003,2682.0,667.1,400.7,1.2,0.6
CD-CHI,LAC-1013,880.0,202.8,66.9,2.7,1.0
CD-TOL,PRO-1004,2437.0,200.4,90.1,2.2,0.5
CD-PUE,BOT-1008,2685.0,567.5,135.9,1.4,0.3
CD-GDL,LAC-1014,8548.0,489.8,150.4,0.8,0.2
CD-MER,ABA-1005,1226.0,261.0,21.0,3.5,1.3
CD-HER,BOT-1012,7120.0,430.3,128.1,3.9,1.2
CD-GDL,BOT-1003,4904.0,783.7,191.5,0.7,0.2
CD-VER,ABA-1010,2805.0,277.9,41.2,2.0,0.9
CD-PUE,ABA-1006,3273.0,255.5,22.3,0.7,0.3
CD-CAN,ABA-1008,2825.0,269.7,35.4,3.9,1.6
CD-GDL,BOT-1002,5317.0,501.8,137.1,1.3,0.2
CD-GDL,ABA-1001,2164.0,,42.9,0.8,0.2
CD CDMX,LAC-1000,6256.0,390.5,125.3,1.1,0.2
CD-SAL,BOT-1022,3157.0,675.8,197.1,3.2,0.5
CD-CDMX,ABA-1016,1453.0,290.4,39.8,1.1,0.2
CD-HER,BOT-1007,6432.0,506.3,140.5,3.0,1.2
CD-GDL,BOT-1012,7598.0,502.7,76.7,1.0,0.2
CD-TIJ,BEB-1019,2547.0,594.4,103.5,6.3,1.5
CD-CAN,PRO-1010,8949.0,609.5,261.5,7.9,1.6
CD-LEO,LAC-1015,7448.0,,172.2,1.5,0.6
CD-LEO,BEB-1013,1614.0,506.8,85.1,1.4,0.6
CD-CAN,LAC-1017,2563.0,296.8,100.1,4.5,1.6
CD-CAN,BEB-1017,1833.0,520.8,81.3,7.7,1.6
CD-QRO,ABA-1005,5249.0,340.3,36.3,1.9,0.4
CD-CHI,PRO-1013,1138.0,191.5,77.1,3.9,1.0
CD-QRO,BEB-1005,5685.0,477.4,70.1,2.4,0.4
CD-TIJ,BEB-1008,6372.0,400.3,49.1,5.4,1.5
CD-GDL,LAC-1016,7531.0,422.9,157.7,0.8,0.2
CD-PUE,BEB-1006,,218.0,23.3,0.8,0.3
CD-TOL,PRO-1008,4805.0,413.9,203.2,3.2,0.5
CD-TIJ,PRO-1013,4289.0,422.9,234.4,6.2,1.5
CD-SAL,BEB-1007,1182.0,322.6,32.9,2.0,0.5
CD-MER,BEB-1009,4121.0,380.3,50.2,4.4,1.3
CD-MOR,BEB-1005,356.0,411.3,64.2,2.1,0.5
CD-SAL,BOT-1003,9068.0,632.6,126.6,1.2,0.5
CD-TIJ,ABA-1006,9520.0,539.8,78.8,5.0,1.5
CD-TIJ,BEB-1020,6881.0,582.3,96.6,5.9,1.5
CD-QRO,BOT-1019,1373.0,745.5,151.9,2.9,0.4
CD-LEO,BEB-1007,3049.0,200.9,34.3,2.3,0.6
CD-CAN,BEB-1011,815.0,405.5,70.0,8.5,1.6
CD-CHI,LAC-1000,2253.0,213.1,77.2,2.0,1.0
CD-LEO,BOT-1007,2278.0,665.4,192.8,2.3,0.6
CD-CHI,ABA-1003,5393.0,333.2,29.7,3.9,1.0
CD-CDMX,BOT-1023,15548.0,935.5,183.5,1.1,0.2
CD-MTY,LAC-1003,5566.0,382.9,135.1,1.4,0.3
CD-SAL,LAC-1015,1293.0,348.4,141.4,2.0,0.5
CD-CHI,BEB-1007,273.0,166.8,24.2,2.3,1.0
CD-CDMX,ABA-1013,932.0,485.4,65.9,0.9,0.2
CD-CDMX,BEB-1013,2524.0,205.8,40.0,0.9,0.2
CD-MTY,ABA-1003,769.0,168.3,16.4,1.0,0.3
CD-CAN,BOT-1009,7990.0,538.1,102.4,4.9,1.6
CD-MER,LAC-1015,2060.0,334.9,126.6,5.7,1.3
CD-HER,BOT-1023,6227.0,395.9,70.5,4.3,1.2
CD-MER,LAC-1008,2948.0,352.8,130.5,3.8,1.3
CD-HER,BOT-1020,9954.0,784.6,231.5,4.3,1.2
CD-QRO,BEB-1006,1821.0,348.6,46.4,2.5,0.4
CD-QRO,PRO-1015,1295.0,380.5 ,161.5,1.3,0.4
CD-QRO,LAC-1012,4506.0,265.5,87.9,3.1,0.4
CD-MOR,PRO-1001,7899.0,684.4,383.3,1.8,0.5
CD-MTY,BEB-1001,2300.0,363.3,65.2,1.2,0.3
CD-HER,BEB-1007,2680.0,201.2,35.9,5.6,1.2
CD-LEO,LAC-1005,3641.0,256.2,93.1,1.7,0.6
CD-TOL,ABA-1017,3579.0,391.3,38.2,0.7,0.5
CD-TOL,BOT-1003,,670.9,105.4,2.3,0.5
CD-GDL,ABA-1010,3127.0,264.8,33.2,1.0,0.2
CD-PUE,BOT-1022,12223.0,698.9,143.9,0.7,0.3
CD-MER,ABA-1012,2181.0,237.8,24.2,2.1,1.3
CD-QRO,LAC-1011,1109.0,229.5 ,101.9,2.4,0.4
CD-MER,BEB-1019,6348.0,382.0,39.8,4.4,1.3
CD-MTY,BEB-1005,4409.0,312.2,42.3,1.5,0.3
CD-VER,BOT-1013,5219.0,538.7,150.5,2.5,0.9
CD-MER,BOT-1005,9597.0,562.9,144.1,0.9,1.3
CD-LEO,BOT-1008,9040.0,,216.9,1.8,0.6
CD-LEO,BOT-1022,9140.0,518.0,143.9,0.5,0.6
CD-MOR,ABA-1013,620.0,290.7,35.2,2.0,0.5
CD-GDL,PRO-1004,2104.0,196.6,96.8,1.0,0.2
CD-PUE,BEB-1019,984.0,204.8,40.0,0.5,0.3
CD-PUE,BOT-1016,,807.9,215.1,0.8,0.3
CD-MER,BEB-1005,2146.0,224.2,30.0,4.0,1.3
CD-QRO,PRO-1008,3044.0,463.4,225.4,2.0,0.4
CD-VER,PRO-1006,2892.0,354.4,153.7,2.6,0.9
CD-PUE,BEB-1015,7467.0,472.8,84.0,0.5,0.3
CD-MTY,BEB-1008,4618.0,384.4,62.9,1.0,0.3
CD-MTY,BOT-1011,9117.0,757.2,165.2,1.0,0.3
CD-CDMX,ABA-1019,408.0,211.7,21.7,1.1,0.2
CD-SAL,BEB-1021,4098.0,296.8,34.6,2.4,0.5
CD-MER,LAC-1000,1260.0,206.8,65.7,4.6,1.3
cd-cdmx ,BEB-1010,2625.0,,53.2,0.8,0.2
CD-SAL,ABA-1017,3320.0,332.6,29.9,1.7,0.5
CD-CAN,PRO-1014,2020.0,114.2,59.8,4.3,1.6
CD-TIJ,BEB-1009,4356.0,296.2,33.3,7.7,1.5
CD-GDL,PRO-1003,952.0,138.4,94.8,1.3,0.2
CD-MOR,BOT-1014,5073.0,364.6,84.1,1.2,0.5
CD-SAL,LAC-1014,815.0,132.5,49.5,2.0,0.5
CD-CAN,ABA-1017,3576.0,275.8,23.1,3.4,1.6
CD-QRO,LAC-1016,1135.0,409.5,133.8,1.9,0.4
CD-CAN,BOT-1018,2237.0,767.7,222.5,5.2,1.6
CD-VER,BEB-1021,7217.0,425.4,48.2,2.2,0.9
CD-VER,ABA-1008,1817.0,312.3,36.9,2.7,0.9
CD-MER,BEB-1010,806.0,159.9,27.5,1.9,1.3
CD-HER,PRO-1004,275.0,102.0,49.8,7.2,1.2
CD-VER,LAC-1007,5700.0,318.0,126.1,3.0,0.9
CD-CHI,BOT-1013,2672.0,757.3,189.4,2.3,1.0
CD-MER,LAC-1003,2134.0,270.4,117.0,3.4,1.3
CD-MOR,LAC-1011,4725.0,436.5,114.7,1.8,0.5
CD-HER,PRO-1000,2084.0,164.2,102.7,4.6,1.2
CD-TOL,ABA-1013,2861.0,223.9,24.2,2.3,0.5
CD-TIJ,ABA-1000,1577.0,176.8,24.1,8.3,1.5
CD-MOR,LAC-1015,3297.0,231.2,101.0,1.7,0.5
CD-GDL,LAC-1006,5434.0,451.8,153.4,0.7,0.2
CD-TOL,LAC-1012,2170.0,290.1,129.5,2.7,0.5
CD-CHI,ABA-1007,2302.0,155.3,23.0,1.9,1.0
CD-CHI,BOT-1018,7085.0,629.6,159.8,3.3,1.0
CD-QRO,ABA-1016,5923.0,408.0,46.2,1.6,0.4
CD-VER,BOT-1007,3628.0,472.6,82.8,3.7,0.9
CD-TIJ,ABA-1011,771.0,312.9,34.4,3.4,1.5
CD-CHI,LAC-1002,1826.0,411.4,179.1,2.5,1.0
CD-CAN,PRO-1011,4852.0,378.0,231.7,5.7,1.6
CD-MER,BEB-1015,,275.0,33.2,6.5,1.3
CD-MOR,BEB-1004,4613.0,299.9,42.2,1.7,0.5
CD-MER,BOT-1011,1989.0,580.4,138.3,4.3,1.3
CDMX,LAC-1014,654.0,302.9,113.8,0.8,0.2
CD-TIJ,ABA-1018,7181.0,507.9,56.2,5.8,1.5
CD-VER,LAC-1006,865.0,141.4,62.5,2.7,0.9
CD-MTY,LAC-1004,1770.0,288.7,122.0,1.0,0.3
CD-CHI,ABA-1010,5969.0,410.0,43.6,2.1,1.0
CD-TIJ,PRO-1002,112.0,166.5,70.0,5.0,1.5
CD-PUE,ABA-1017,2839.0,454.0,61.2,0.6,0.3
CD-LEO,BEB-1008,3430.0,515.2,56.1,1.1,0.6
CD-TOL,PRO-1003,7283.0,468.1,296.3,2.0,0.5
CD-PUE,LAC-1014,3534.0,232.9,70.0,0.5,0.3
CD-MER,BOT-1017,10397.0,899.9,158.7,2.4,1.3
CD-CDMX,PRO-1012,6472.0,510.3,231.6,0.9,0.2
CD-VER,PRO-1014,2810.0,291.4,122.3,2.9,0.9
CD-TOL,ABA-1004,4080.0,379.7,56.0,2.3,0.5
CD-LEO,LAC-1016,3883.0,272.2,70.2,2.3,0.6
CD-HER,BEB-1004,1188.0,391.3,62.1,6.7,1.2
CD-SAL,BOT-1000,2855.0,371.3,69.4,1.2,0.5
CD-CHI,BOT-1011,3099.0,361.4,87.3,3.4,1.0
CD-LEO,ABA-1013,5830.0,,42.4,1.2,0.6
CD-TOL,BOT-1007,10742.0,606.1,103.5,2.5,0.5
CD-CAN,LAC-1006,1435.0,259.2,108.3,8.3,1.6
CD-TIJ,LAC-1001,330.0,143.2,45.5,5.2,1.5
CD-TOL,BOT-1018,17755.0,996.3,150.9,1.9,0.5
CD-CHI,BEB-1002,8723.0,571.6,70.7,0.9,1.0
CD-QRO,LAC-1007,763.0,398.0,131.0,2.6,0.4
CD-CDMX,BEB-1011,3422.0,403.9,70.0,0.8,0.2
CD-PUE,BEB-1010,2067.0,276.3,46.3,0.9,0.3
CD-QRO,BEB-1000,2219.0,390.8,73.7,1.9,0.4
CD-CAN,BOT-1021,1195.0,,90.5,4.4,1.6
CD-MOR,BOT-1022,6610.0,630.7,183.1,2.1,0.5
CD-HER,ABA-1004,2459.0,270.4,36.3,5.1,1.2
CD-MTY,LAC-1002,2690.0,299.0,82.9,0.5,0.3
CD-QRO,ABA-1008,418.0,153.5,14.3,2.8,0.4
CD-LEO,BOT-1009,2366.0,506.7,145.5,1.4,0.6
CD-VER,ABA-1005,852.0,,35.9,2.0,0.9
